experimentSetID,numMonomers,dim,b,Nc,keepCL,diffusionConstant,numRealisations,dt,dt_relax,numSteps,excludedVolumeCutOff,waitingSteps,numMaxSteps,encounterDistance,genomicDistance,Nb,Nc_inDamageFoci,TotalRejectedPolymers,iterationsNumber,events,FETs,meanFET,repairMFET,misrepairMFET,halfCI_FET,expFit_Amplitude,expFit_Rate,eventsCounter,repair_probability,repair_CIhalflength,mean_removedCLs,MSRG_atEncounter,Ensemble_MSRG,Ensemble_MSRG_dx
0_0,100,3,0.2,20,True,0.008,250,0.005,0.01,24000,0.0,2000,24000,0.05,9,2,2,0,250,"['Repair' 'Repair' 'Misrepair_a2-b1' 'Misrepair_a2-b1' 'Repair'
 'Misrepair_a1-b1' 'Misrepair_a1-b1' 'Misrepair_a1-b2' 'Misrepair_a2-b2'
 'Misrepair_a1-b1' 'Repair' 'Repair' 'Misrepair_a2-b2' 'Repair' 'Repair'
 'Repair' 'Misrepair_a2-b2' 'Misrepair_a1-b2' 'Misrepair_a1-b2'
 'Misrepair_a1-b2' 'Misrepair_a1-b1' 'Misrepair_a1-b2' 'Misrepair_a1-b1'
 'Misrepair_a1-b1' 'Repair' 'Repair' 'Misrepair_a1-b2' 'Misrepair_a1-b2'
 'Misrepair_a2-b1' 'Repair' 'Misrepair_a2-b1' 'Misrepair_a1-b1'
 'Misrepair_a2-b1' 'Misrepair_a2-b1' 'Misrepair_a2-b1' 'Misrepair_a1-b1'
 'Misrepair_a1-b1' 'Repair' 'Repair' 'Misrepair_a1-b1' 'Repair'
 'Misrepair_a2-b1' 'Misrepair_a1-b2' 'Repair' 'Repair' 'Misrepair_a2-b2'
 'Repair' 'Repair' 'Repair' 'Misrepair_a2-b2' 'Misrepair_a1-b2'
 'Misrepair_a2-b1' 'Misrepair_a1-b1' 'Misrepair_a2-b1' 'Misrepair_a2-b2'
 'Misrepair_a2-b2' 'Repair' 'Misrepair_a1-b1' 'Misrepair_a2-b1' 'Repair'
 'Repair' 'Misrepair_a2-b1' 'Misrepair_a1-b2' 'Repair' 'Repair'
 'Misrepair_a2-b1' 'Repair' 'Repair' 'Misrepair_a2-b2' 'Misrepair_a1-b1'
 'Misrepair_a1-b1' 'Misrepair_a1-b1' 'Repair' 'Misrepair_a2-b2' 'Repair'
 'Repair' 'Misrepair_a1-b1' 'Repair' 'Misrepair_a1-b2' 'Repair'
 'Misrepair_a1-b1' 'Repair' 'Repair' 'Repair' 'Misrepair_a2-b1'
 'Misrepair_a1-b1' 'Repair' 'Misrepair_a1-b2' 'Repair' 'Misrepair_a1-b1'
 'Misrepair_a2-b2' 'Misrepair_a1-b1' 'Misrepair_a1-b1' 'Misrepair_a1-b2'
 'Repair' 'Misrepair_a1-b2' 'Repair' 'Repair' 'Misrepair_a2-b1'
 'Misrepair_a1-b2' 'Misrepair_a1-b2' 'Misrepair_a1-b2' 'Misrepair_a1-b2'
 'Repair' 'Misrepair_a1-b2' 'Misrepair_a2-b2' 'Repair' 'Misrepair_a2-b2'
 'Repair' 'Repair' 'Misrepair_a1-b2' 'Repair' 'Misrepair_a1-b2'
 'Misrepair_a2-b1' 'Repair' 'Misrepair_a2-b2' 'Misrepair_a1-b2' 'Repair'
 'Misrepair_a2-b2' 'Repair' 'Misrepair_a2-b2' 'Misrepair_a1-b1' 'Repair'
 'Misrepair_a1-b2' 'Misrepair_a1-b2' 'Repair' 'Misrepair_a2-b1'
 'Misrepair_a2-b2' 'Repair' 'Misrepair_a1-b1' 'Misrepair_a2-b2'
 'Misrepair_a2-b2' 'Misrepair_a1-b1' 'Misrepair_a1-b2' 'Misrepair_a2-b1'
 'Misrepair_a1-b2' 'Repair' 'Repair' 'Misrepair_a2-b2' 'Misrepair_a2-b2'
 'Misrepair_a1-b2' 'Misrepair_a2-b1' 'Misrepair_a2-b2' 'Misrepair_a2-b2'
 'Misrepair_a2-b2' 'Repair' 'Repair' 'Misrepair_a1-b1' 'Repair'
 'Misrepair_a1-b1' 'Misrepair_a2-b2' 'Misrepair_a1-b2' 'Repair'
 'Misrepair_a2-b1' 'Misrepair_a1-b1' 'Misrepair_a2-b2' 'Misrepair_a2-b2'
 'Misrepair_a2-b1' 'Repair' 'Repair' 'Misrepair_a2-b2' 'Repair' 'Repair'
 'Misrepair_a1-b2' 'Misrepair_a2-b1' 'Misrepair_a1-b2' 'Misrepair_a2-b1'
 'Misrepair_a1-b1' 'Misrepair_a1-b2' 'Repair' 'Misrepair_a1-b2'
 'Misrepair_a1-b2' 'Misrepair_a2-b2' 'Misrepair_a1-b2' 'Misrepair_a1-b2'
 'Misrepair_a2-b2' 'Repair' 'Repair' 'Misrepair_a1-b1' 'Misrepair_a2-b1'
 'Repair' 'Misrepair_a2-b2' 'Repair' 'Misrepair_a1-b2' 'Repair' 'Repair'
 'Misrepair_a2-b2' 'Repair' 'Misrepair_a2-b2' 'Misrepair_a2-b1'
 'Misrepair_a1-b2' 'Misrepair_a2-b1' 'Repair' 'Repair' 'Misrepair_a2-b2'
 'Repair' 'Repair' 'Repair' 'Repair' 'Misrepair_a2-b2' 'Misrepair_a1-b2'
 'Misrepair_a2-b2' 'Misrepair_a1-b1' 'Misrepair_a1-b1' 'Repair' 'Repair'
 'Repair' 'Misrepair_a1-b2' 'Misrepair_a2-b2' 'Misrepair_a2-b2' 'Repair'
 'Repair' 'Misrepair_a2-b2' 'Repair' 'Misrepair_a1-b2' 'Misrepair_a1-b2'
 'Repair' 'Repair' 'Repair' 'Repair' 'Repair' 'Misrepair_a1-b2' 'Repair'
 'Misrepair_a2-b2' 'Misrepair_a2-b2' 'Misrepair_a1-b1' 'Misrepair_a2-b1'
 'Repair' 'Repair' 'Repair' 'Misrepair_a2-b1' 'Misrepair_a2-b1'
 'Misrepair_a2-b2' 'Misrepair_a2-b1' 'Misrepair_a1-b2' 'Misrepair_a2-b2'
 'Misrepair_a2-b1' 'Misrepair_a2-b1' 'Repair' 'Repair' 'Repair' 'Repair'
 'Misrepair_a2-b1' 'Misrepair_a1-b2' 'Misrepair_a1-b1' 'Misrepair_a2-b1'
 'Misrepair_a2-b1' 'Misrepair_a1-b2' 'Misrepair_a1-b2' 'Misrepair_a2-b2']","[4.7300e+00 1.2000e-01 4.8400e+00 8.7500e-01 3.1700e+00 4.7200e+00
 2.6905e+01 1.2600e+00 1.1900e+01 0.0000e+00 9.5000e-02 4.4000e-01
 1.1380e+01 2.3350e+01 6.2000e-01 8.0450e+00 3.3365e+01 3.4600e+00
 2.6850e+01 1.7850e+01 3.1500e-01 3.8000e+00 1.1950e+01 6.0400e+00
 2.8500e-01 1.2550e+00 2.5390e+01 1.1740e+01 2.1050e+00 4.2900e+00
 1.7430e+01 4.7725e+01 5.8200e+00 8.8750e+00 4.7650e+00 7.4300e+00
 6.4500e-01 2.0050e+00 2.1615e+01 1.0000e-01 1.0500e-01 3.1000e-01
 1.4770e+01 1.0250e+00 6.3100e+00 2.9500e-01 3.6800e+00 3.7600e+00
 4.5400e+00 7.7350e+00 1.5200e+00 8.1350e+00 4.7800e+00 8.5500e-01
 3.7000e+00 2.2450e+00 1.2500e-01 9.0750e+00 1.7000e+00 4.4550e+00
 1.9000e+01 2.7400e+00 1.6640e+01 3.3000e-01 4.0500e+00 1.6005e+01
 2.4000e+00 2.0840e+01 3.3600e+00 9.6550e+00 3.0050e+00 1.9050e+00
 1.1000e+00 1.3500e-01 2.7250e+00 5.6000e-01 3.8350e+00 8.9000e-01
 1.0650e+00 1.7800e+00 2.5100e+00 1.4490e+01 5.8900e+00 1.0885e+01
 9.8300e+00 2.3900e+00 2.4795e+01 1.1740e+01 5.5800e+00 3.6150e+00
 1.9880e+01 2.6560e+01 3.0500e+00 2.9650e+00 1.7530e+01 1.0855e+01
 6.6100e+00 3.8765e+01 8.8500e-01 3.2410e+01 4.2700e+00 2.4770e+01
 1.2080e+01 9.6500e+00 1.5000e-02 2.0550e+00 2.2850e+00 1.3305e+01
 1.6090e+01 1.2650e+00 5.4800e+00 0.0000e+00 3.8000e-01 6.8950e+00
 2.5000e-02 2.1150e+00 2.7750e+00 6.8700e+00 1.8650e+00 1.8375e+01
 4.7250e+00 3.1620e+01 1.8400e+00 1.2100e+00 1.0325e+01 3.4400e+00
 4.8950e+00 5.5000e-02 3.3550e+00 1.0600e+00 2.0500e+00 1.0000e-02
 7.7600e+00 7.0000e-02 2.8100e+00 1.6555e+01 1.1220e+01 8.0900e+00
 9.1300e+00 9.3100e+00 3.7200e+00 4.2040e+01 1.2600e+00 4.2850e+00
 2.4600e+00 1.7110e+01 1.1200e+00 2.0000e-02 1.4805e+01 2.1650e+00
 4.1650e+00 6.1850e+00 3.1500e+00 0.0000e+00 6.9450e+00 9.2200e+00
 9.5150e+00 7.8900e+00 2.2000e-01 2.3250e+01 1.1420e+01 6.7800e+00
 1.5750e+00 1.0500e-01 8.9450e+00 7.8000e-01 1.6480e+01 7.5000e-02
 2.4000e+00 6.5350e+00 9.2000e-01 5.9000e-01 1.5450e+00 3.4550e+00
 8.0500e-01 4.9100e+00 2.5500e-01 9.5500e-01 7.2000e-01 1.3600e+00
 9.7000e+00 6.4500e-01 7.9700e+00 1.9850e+00 1.1160e+01 1.7680e+01
 3.1000e-01 2.6550e+00 1.3800e+00 3.5500e-01 5.3300e+00 1.2150e+01
 3.5350e+00 7.8000e-01 1.1280e+01 2.9500e+00 2.5150e+01 9.9850e+00
 1.5000e+00 2.8550e+00 8.3000e-01 1.7550e+00 5.8050e+00 2.8600e+00
 3.1565e+01 1.2125e+01 2.1935e+01 2.6100e+00 4.8350e+00 3.5000e-02
 2.8700e+00 6.2350e+00 4.1000e-01 3.9500e-01 4.1000e-01 1.0000e-02
 6.4950e+00 3.9000e-01 1.5450e+00 2.6045e+01 4.1700e+00 2.3450e+00
 8.1850e+00 3.6550e+00 1.0650e+01 3.5000e-02 2.9200e+00 2.8345e+01
 1.0350e+00 1.4255e+01 5.0775e+01 2.2950e+00 3.0400e+00 1.6300e+00
 2.2810e+01 9.4150e+00 1.2960e+01 7.7700e+00 1.1100e+00 1.2675e+01
 1.1600e+00 6.0500e+00 8.4600e+00 9.6500e-01 1.3500e-01 1.3250e+00
 1.6300e+01 8.0100e+00 3.0800e+00 2.0950e+00]",7.225320000000001,7.636021505376344,6.98203821656051,1.0947277910729412,0.13840248874567077,0.13840248876169264,"Counter({'Repair': 93, 'Misrepair_a1-b2': 46, 'Misrepair_a2-b2': 43, 'Misrepair_a2-b1': 35, 'Misrepair_a1-b1': 33})",0.372,0.05991524766201004,0.0,"[0.08040572 0.08155489 0.32589437 0.2295781  0.10997771 0.15283458
 0.09517388 0.11463497 0.35908049 0.17960691 0.15092201 0.10134737
 0.11753179 0.20973913 0.13581921 0.25140311 0.06654502 0.10247173
 0.11634124 0.11798604 0.09432764 0.17492999 0.09636348 0.07116866
 0.22714898 0.09029172 0.1359506  0.15130725 0.26521269 0.15154788
 0.09069814 0.06574302 0.39725308 0.16427563 0.17507418 0.06060913
 0.28566347 0.35302801 0.10448503 0.10397779 0.76931075 0.28387123
 0.13938568 0.17605633 0.06845249 0.39040867 0.13616187 0.29484688
 0.08506307 0.15024864 0.11651367 0.1245002  0.07298058 0.28161958
 0.17671864 0.22814111 0.11901669 0.07825335 0.13214845 0.08468596
 0.06697279 0.11574627 0.3843083  0.16014404 0.07919848 0.12885538
 0.31979614 0.06780441 0.16418735 0.06570941 0.0650951  0.18981798
 0.0866548  0.10794193 0.18846482 0.15997606 0.14205985 0.15149049
 0.08430752 0.19476429 0.22075692 0.07618197 0.0957294  0.17077641
 0.14021844 0.09157958 0.2305556  0.11501558 0.22068121 0.08247594
 0.06713295 0.22245937 0.28432652 0.08057637 0.08301465 0.08111949
 0.22404369 0.06418231 0.36569285 0.06871411 0.41311613 0.11469464
 0.0934735  0.11442113 0.08992962 0.07253204 0.12739951 0.25362138
 0.11529181 0.14196744 0.07406662 0.06471506 0.13096829 0.2122846
 0.10433172 0.17020748 0.20706258 0.09237598 0.06328633 0.05288569
 0.34604519 0.07199991 0.19636504 0.39793016 0.08341372 0.10542925
 0.2007298  0.06824125 0.12004483 0.19951148 0.14920628 0.05634976
 0.10273567 0.22489466 0.20146402 0.36119281 0.13989376 0.11751347
 0.19671651 0.23565179 0.1313484  0.10045615 0.17372811 0.07490911
 0.42644081 0.24517412 0.20406488 0.26628442 0.09159213 0.06863707
 0.0960183  0.15568528 0.22352067 0.25972617 0.14810578 0.20439955
 0.06870352 0.12097568 0.10938472 0.15082588 0.22594226 0.13981322
 0.16691001 0.21368984 0.19239696 0.14994003 0.07900464 0.08875696
 0.18832635 0.18806742 0.41837708 0.11795774 0.10016465 0.08634243
 0.24897608 0.19558367 0.07879799 0.11318077 0.13268276 0.10186794
 0.09192865 0.25655786 0.10424803 0.20060206 0.18559435 0.21547126
 0.39164925 0.1037658  0.31006016 0.13023221 0.25976234 0.13143319
 0.11465676 0.0823893  0.04296873 0.07916025 0.1431971  0.19559521
 0.08611205 0.26292745 0.16829169 0.19043372 0.1581298  0.14374754
 0.07367499 0.15445243 0.052766   0.11308823 0.13522635 0.07683908
 0.16397293 0.16340529 0.11260277 0.15798833 0.17173793 0.16873942
 0.09619767 0.16655005 0.13727174 0.09631418 0.30513514 0.12506958
 0.13262777 0.21372384 0.15967306 0.15219083 0.31917192 0.06235279
 0.16393342 0.32743968 0.08410016 0.06688271 0.11070233 0.26263507
 0.04323144 0.11528084 0.04713416 0.29394464 0.24568463 0.14137372
 0.11545696 0.05086813 0.10034868 0.26875485 0.13841555 0.24386436
 0.37757291 0.07501049 0.06837238 0.48579989]",0.161568127081951,0.011872824859753998
0_1,100,3,0.2,20,True,0.008,250,0.005,0.01,24000,0.075,2000,24000,0.05,9,2,2,0,250,"['Misrepair_a2-b2' 'Misrepair_a2-b1' 'Misrepair_a1-b1' 'Repair' 'Repair'
 'Misrepair_a2-b2' 'Repair' 'Repair' 'Misrepair_a2-b1' 'Misrepair_a2-b2'
 'Repair' 'Misrepair_a2-b1' 'Misrepair_a1-b1' 'Misrepair_a2-b2'
 'Misrepair_a1-b1' 'Misrepair_a2-b2' 'Misrepair_a2-b1' 'Repair'
 'Misrepair_a2-b1' 'Misrepair_a2-b2' 'Misrepair_a1-b1' 'Misrepair_a1-b1'
 'Misrepair_a1-b1' 'Misrepair_a1-b1' 'Repair' 'Misrepair_a2-b2' 'Repair'
 'Misrepair_a1-b2' 'Repair' 'Misrepair_a2-b1' 'Misrepair_a1-b1'
 'Misrepair_a2-b1' 'Misrepair_a2-b2' 'Misrepair_a2-b1' 'Misrepair_a1-b2'
 'Misrepair_a1-b2' 'Repair' 'Repair' 'Misrepair_a1-b1' 'Misrepair_a2-b2'
 'Misrepair_a1-b1' 'Misrepair_a2-b2' 'Repair' 'Misrepair_a2-b2' 'Repair'
 'Misrepair_a1-b2' 'Repair' 'Misrepair_a1-b1' 'Misrepair_a1-b1' 'Repair'
 'Misrepair_a2-b1' 'Repair' 'Misrepair_a2-b2' 'Misrepair_a1-b1'
 'Misrepair_a2-b1' 'Misrepair_a1-b2' 'Misrepair_a2-b2' 'Repair' 'Repair'
 'Misrepair_a1-b1' 'Repair' 'Misrepair_a2-b1' 'Misrepair_a2-b2' 'Repair'
 'Repair' 'Misrepair_a1-b1' 'Misrepair_a1-b1' 'Misrepair_a1-b1'
 'Misrepair_a1-b2' 'Misrepair_a1-b2' 'Repair' 'Misrepair_a1-b1'
 'Misrepair_a2-b2' 'Misrepair_a2-b1' 'Repair' 'Repair' 'Misrepair_a2-b2'
 'Misrepair_a1-b2' 'Misrepair_a2-b2' 'Repair' 'Misrepair_a1-b1'
 'Misrepair_a2-b1' 'Repair' 'Repair' 'Misrepair_a1-b2' 'Repair' 'Repair'
 'Misrepair_a2-b2' 'Misrepair_a2-b2' 'Misrepair_a1-b2' 'Repair' 'Repair'
 'Misrepair_a1-b2' 'Misrepair_a1-b1' 'Misrepair_a1-b2' 'Misrepair_a2-b2'
 'Misrepair_a1-b1' 'Misrepair_a2-b2' 'Repair' 'Repair' 'Misrepair_a1-b2'
 'Repair' 'Misrepair_a2-b1' 'Misrepair_a2-b2' 'Misrepair_a1-b2' 'Repair'
 'Repair' 'Misrepair_a1-b1' 'Misrepair_a2-b2' 'Repair' 'Repair' 'Repair'
 'Misrepair_a2-b2' 'Misrepair_a1-b2' 'Misrepair_a1-b1' 'Misrepair_a2-b1'
 'Misrepair_a2-b2' 'Misrepair_a1-b1' 'Misrepair_a1-b1' 'Misrepair_a1-b2'
 'Misrepair_a1-b1' 'Misrepair_a2-b1' 'Misrepair_a2-b1' 'Misrepair_a1-b2'
 'Repair' 'Misrepair_a2-b1' 'Misrepair_a1-b2' 'Repair' 'Misrepair_a1-b1'
 'Misrepair_a2-b1' 'Misrepair_a1-b1' 'Repair' 'Misrepair_a1-b1' 'Repair'
 'Misrepair_a2-b1' 'Repair' 'Repair' 'Misrepair_a2-b2' 'Repair' 'Repair'
 'Repair' 'Misrepair_a1-b1' 'Misrepair_a1-b2' 'Misrepair_a1-b2' 'Repair'
 'Misrepair_a2-b1' 'Misrepair_a1-b2' 'Repair' 'Misrepair_a2-b1'
 'Misrepair_a2-b2' 'Misrepair_a2-b2' 'Misrepair_a2-b1' 'Repair'
 'Misrepair_a1-b1' 'Repair' 'Misrepair_a2-b2' 'Misrepair_a2-b2'
 'Misrepair_a1-b2' 'Misrepair_a2-b1' 'Misrepair_a1-b1' 'Misrepair_a1-b2'
 'Misrepair_a1-b2' 'Repair' 'Repair' 'Misrepair_a1-b1' 'Misrepair_a1-b1'
 'Misrepair_a1-b1' 'Repair' 'Misrepair_a1-b2' 'Repair' 'Repair'
 'Misrepair_a1-b1' 'Misrepair_a2-b1' 'Misrepair_a2-b1' 'Misrepair_a1-b1'
 'Misrepair_a1-b1' 'Misrepair_a1-b2' 'Repair' 'Misrepair_a2-b1' 'Repair'
 'Misrepair_a2-b1' 'Misrepair_a2-b2' 'Misrepair_a2-b1' 'Misrepair_a1-b2'
 'Misrepair_a1-b2' 'Misrepair_a1-b1' 'Repair' 'Misrepair_a1-b2' 'Repair'
 'Misrepair_a1-b2' 'Repair' 'Misrepair_a2-b1' 'Misrepair_a1-b2'
 'Misrepair_a1-b1' 'Misrepair_a2-b1' 'Repair' 'Misrepair_a1-b2' 'Repair'
 'Misrepair_a1-b1' 'Misrepair_a2-b1' 'Misrepair_a1-b2' 'Misrepair_a2-b1'
 'Misrepair_a2-b2' 'Misrepair_a1-b1' 'Misrepair_a1-b2' 'Repair'
 'Misrepair_a2-b1' 'Repair' 'Misrepair_a2-b2' 'Misrepair_a1-b1' 'Repair'
 'Misrepair_a1-b1' 'Misrepair_a1-b2' 'Misrepair_a2-b1' 'Misrepair_a2-b1'
 'Misrepair_a2-b1' 'Repair' 'Repair' 'Misrepair_a2-b2' 'Misrepair_a1-b1'
 'Repair' 'Misrepair_a1-b2' 'Misrepair_a1-b2' 'Repair' 'Misrepair_a1-b1'
 'Repair' 'Repair' 'Misrepair_a2-b2' 'Repair' 'Misrepair_a1-b1'
 'Misrepair_a2-b1' 'Repair' 'Repair' 'Misrepair_a1-b1' 'Misrepair_a1-b2'
 'Repair' 'Repair' 'Misrepair_a1-b2' 'Misrepair_a1-b2' 'Misrepair_a2-b2'
 'Misrepair_a1-b2' 'Repair' 'Repair' 'Repair' 'Misrepair_a2-b2'
 'Misrepair_a2-b1' 'Misrepair_a2-b2' 'Misrepair_a2-b1' 'Misrepair_a2-b1'
 'Misrepair_a2-b1']","[6.8450e+00 2.1160e+01 1.6300e+00 2.5600e+00 3.0700e+00 1.2730e+01
 5.0000e-03 4.0100e+00 8.9500e-01 1.7925e+01 8.0100e+00 1.7300e+00
 5.5750e+00 1.7435e+01 3.2700e+00 5.0000e-03 7.8600e+00 7.4000e-01
 8.0500e-01 5.0000e-03 1.7500e+00 6.9700e+00 1.4000e-01 1.0850e+00
 5.4300e+00 0.0000e+00 0.0000e+00 4.1470e+01 1.9450e+00 0.0000e+00
 2.9750e+00 4.0200e+00 3.3500e+00 6.1050e+00 7.7500e+00 1.7000e-01
 4.9500e-01 1.9250e+00 1.3700e+00 9.7000e-01 6.7250e+00 4.0650e+00
 1.7000e-01 9.8500e-01 1.0000e-02 1.9050e+00 1.4500e-01 6.2000e-01
 0.0000e+00 8.4500e+00 3.5000e-02 6.6500e-01 1.3900e+01 1.4250e+00
 1.2930e+01 1.0100e+00 3.3700e+00 4.2850e+00 1.9500e-01 5.0000e-03
 6.1150e+00 2.9000e+00 1.3710e+01 3.3350e+00 6.7450e+00 2.4430e+01
 1.1500e-01 7.9680e+01 9.9350e+00 6.9150e+00 1.6500e-01 4.1950e+00
 5.2900e+00 1.5000e+00 4.9000e-01 4.0800e+00 2.4500e-01 5.5000e-02
 4.6000e+00 6.0250e+00 1.6075e+01 1.3900e+00 3.0800e+00 1.9900e+00
 7.5000e-02 3.1200e+00 4.8000e-01 2.0000e-02 7.1950e+00 2.4580e+01
 1.2800e+01 7.4500e-01 1.9270e+01 3.5300e+00 5.7500e-01 6.9000e+00
 2.4900e+00 1.6570e+01 0.0000e+00 3.3450e+00 1.6500e-01 6.4850e+00
 8.3500e-01 2.4000e-01 9.2000e-01 2.8100e+00 1.6700e+00 6.4450e+00
 7.8550e+00 9.3050e+00 7.0000e-02 3.0500e+01 3.6350e+00 4.9650e+00
 4.0050e+00 1.1800e+00 8.8500e-01 3.3100e+00 4.5800e+00 7.5000e-02
 3.7200e+00 1.2135e+01 4.7400e+00 4.1800e+00 1.6900e+00 4.4800e+00
 5.6300e+01 2.6400e+00 1.0900e+00 1.2330e+01 1.0600e+00 4.3000e-01
 1.1985e+01 7.2800e+00 3.7500e-01 4.8200e+00 5.3700e+00 1.8510e+01
 7.1550e+00 5.1700e+00 4.0950e+00 0.0000e+00 2.9270e+01 6.2750e+00
 1.0350e+01 1.8000e-01 1.4500e-01 1.7105e+01 4.0000e-02 1.2000e+00
 2.3400e+00 2.6500e+00 5.4550e+00 9.8000e-01 6.5000e+00 0.0000e+00
 6.8900e+00 4.1200e+00 2.1300e+00 6.5000e-02 5.9450e+01 2.9950e+00
 5.5500e+00 6.6200e+00 3.0450e+00 1.3050e+00 1.0300e+00 5.7250e+00
 7.0550e+00 2.1650e+00 7.4500e-01 2.8000e-01 3.3000e+00 1.6600e+00
 2.5000e-02 3.5350e+00 1.8500e-01 1.7650e+00 3.6510e+01 2.8600e+00
 6.0000e-02 1.5030e+01 2.4500e-01 3.5650e+00 8.7000e+00 3.7700e+01
 2.7500e+00 4.2650e+00 5.8000e-01 2.8500e-01 7.4000e-01 5.1500e-01
 7.0500e-01 7.8500e+00 3.0800e+00 2.6475e+01 6.7000e-01 4.1700e+00
 8.2500e-01 3.7900e+00 1.6050e+00 1.5770e+01 1.5850e+00 5.7050e+00
 8.3200e+00 9.6450e+00 1.3325e+01 9.6000e-01 2.4000e+00 8.2300e+00
 1.4060e+01 8.2000e+00 2.9500e+00 2.2155e+01 4.0300e+00 3.9600e+00
 1.6450e+00 8.9500e-01 3.8900e+00 2.2600e+00 4.5100e+00 3.5400e+00
 1.7000e+00 7.8650e+00 1.3500e-01 8.5150e+00 3.0050e+00 3.5600e+00
 1.5000e-01 1.0750e+00 2.1105e+01 1.7850e+00 1.0200e+00 2.5850e+00
 5.2000e-01 4.0000e-02 1.6000e-01 1.2390e+01 1.7650e+00 2.0000e-01
 1.9150e+00 7.8000e-01 5.5000e-02 3.2800e+00 5.5750e+00 7.9500e-01
 1.2205e+01 1.0450e+01 1.4300e+01 6.2750e+00]",5.82268,4.222716049382716,6.589526627218936,1.1710725584818253,0.1717434595898467,0.1717434596725296,"Counter({'Repair': 81, 'Misrepair_a1-b1': 48, 'Misrepair_a2-b1': 42, 'Misrepair_a1-b2': 41, 'Misrepair_a2-b2': 38})",0.324,0.05801388104238502,0.0,"[0.18418688 0.07360686 0.04882702 0.12925316 0.08294776 0.04638483
 0.11587531 0.06258032 0.06449312 0.071849   0.06259581 0.0617295
 0.08853223 0.06071124 0.08779566 0.13460309 0.08121331 0.3360514
 0.10548033 0.11237422 0.09973627 0.10841578 0.06428385 0.10050113
 0.09902508 0.06363054 0.11791339 0.08275726 0.07671059 0.07327499
 0.10218026 0.0695601  0.08426104 0.07332765 0.1462208  0.08281262
 0.06045159 0.0631433  0.11428464 0.09043473 0.10172075 0.057119
 0.09484314 0.0965333  0.06419027 0.05508598 0.05002372 0.12299728
 0.0790828  0.09038329 0.1870169  0.06405898 0.05373703 0.05207487
 0.08790291 0.07526601 0.06045337 0.07946836 0.09607573 0.05663108
 0.08138639 0.13383723 0.06976464 0.0653847  0.10231926 0.14312965
 0.0682611  0.14146621 0.06244433 0.35555958 0.06851694 0.09043855
 0.07940586 0.08981006 0.06894222 0.207872   0.07546441 0.16879478
 0.07005157 0.08661041 0.21459543 0.0841373  0.05758976 0.12112866
 0.07808337 0.06005017 0.05019782 0.12150722 0.16261857 0.09773636
 0.10040796 0.06078092 0.12602509 0.06094546 0.07656839 0.34000732
 0.07539129 0.05528855 0.07683278 0.07673829 0.10071599 0.13920607
 0.08512568 0.05345339 0.05465835 0.12567574 0.05626607 0.0929597
 0.06980199 0.0452333  0.12017342 0.28687922 0.0744546  0.13380481
 0.0944351  0.08139582 0.50522771 0.16438303 0.06022331 0.07930342
 0.13743696 0.07407259 0.09802748 0.08715835 0.17264441 0.05962728
 0.0480795  0.05856871 0.09820054 0.07921249 0.05842954 0.05505457
 0.06720847 0.06639209 0.05660739 0.06286168 0.09042743 0.08005908
 0.06250892 0.07213653 0.09705098 0.05650697 0.0705723  0.05553602
 0.08872311 0.07871609 0.08010555 0.05678441 0.05047582 0.06625478
 0.08219293 0.12179187 0.16690114 0.06184344 0.09554882 0.11521206
 0.12547839 0.07801846 0.11095087 0.06000871 0.08447961 0.2093508
 0.10157078 0.1132032  0.06168124 0.16866785 0.0664598  0.12772532
 0.08220446 0.12863966 0.11823783 0.09896724 0.08399854 0.10919311
 0.10113678 0.12692844 0.14179078 0.07036533 0.09886896 0.07401376
 0.12749355 0.18531076 0.08776585 0.06005207 0.06944659 0.09653708
 0.13037576 0.0736826  0.07157831 0.09879807 0.18566214 0.06128952
 0.05532726 0.09168109 0.15453373 0.18084355 0.09033375 0.27919815
 0.07119597 0.08018443 0.0541521  0.23558691 0.06879371 0.18805635
 0.05946951 0.12897556 0.08569847 0.09894593 0.09059141 0.15934096
 0.06432007 0.090035   0.14838583 0.05042839 0.17048656 0.05220631
 0.08435215 0.062318   0.07072084 0.07676805 0.14017612 0.09686756
 0.05269925 0.05870602 0.09957163 0.09327196 0.05667513 0.1641572
 0.07515188 0.07405457 0.05951891 0.0554022  0.05564986 0.16042006
 0.056375   0.12016702 0.06242608 0.05513262 0.12026931 0.04897206
 0.20457565 0.14024757 0.06418822 0.0583487  0.07359479 0.11636941
 0.06820103 0.09055056 0.0482346  0.08426144]",0.09829671093212587,0.00687063954344577
0_2,100,3,0.2,20,True,0.008,250,0.005,0.01,24000,0.15,2000,24000,0.05,9,2,2,0,250,"['Repair' 'Misrepair_a2-b1' 'Misrepair_a1-b2' 'Misrepair_a2-b1'
 'Misrepair_a2-b1' 'Repair' 'Misrepair_a2-b2' 'Repair' 'Misrepair_a1-b1'
 'Misrepair_a1-b2' 'Repair' 'Misrepair_a2-b1' 'Misrepair_a1-b1' 'Repair'
 'Misrepair_a2-b1' 'Misrepair_a1-b1' 'Misrepair_a1-b1' 'Misrepair_a1-b1'
 'Misrepair_a1-b1' 'NA' 'Misrepair_a1-b2' 'Misrepair_a2-b1'
 'Misrepair_a2-b2' 'Misrepair_a1-b1' 'Misrepair_a2-b2' 'Repair'
 'Misrepair_a1-b2' 'Misrepair_a1-b2' 'Misrepair_a2-b2' 'Repair'
 'Misrepair_a2-b2' 'Misrepair_a1-b1' 'Misrepair_a1-b1' 'Misrepair_a2-b1'
 'Misrepair_a2-b1' 'Misrepair_a2-b2' 'Repair' 'Misrepair_a2-b1'
 'Misrepair_a1-b2' 'Misrepair_a2-b2' 'Misrepair_a1-b1' 'Misrepair_a2-b2'
 'Misrepair_a2-b1' 'Misrepair_a2-b1' 'Misrepair_a1-b1' 'Misrepair_a1-b1'
 'Misrepair_a2-b1' 'Misrepair_a1-b1' 'Misrepair_a1-b2' 'Repair'
 'Misrepair_a1-b2' 'Repair' 'Misrepair_a2-b1' 'Misrepair_a2-b2'
 'Misrepair_a1-b1' 'Misrepair_a2-b2' 'Misrepair_a2-b2' 'Misrepair_a2-b2'
 'Misrepair_a2-b1' 'Repair' 'Repair' 'Misrepair_a1-b2' 'Misrepair_a1-b1'
 'Misrepair_a1-b2' 'Misrepair_a1-b1' 'Misrepair_a1-b2' 'Repair'
 'Misrepair_a1-b1' 'Misrepair_a1-b2' 'Repair' 'Repair' 'Misrepair_a2-b1'
 'Repair' 'Misrepair_a2-b1' 'Repair' 'Misrepair_a2-b1' 'Misrepair_a2-b2'
 'Misrepair_a1-b1' 'Repair' 'Repair' 'Repair' 'Misrepair_a2-b1'
 'Misrepair_a2-b1' 'Repair' 'Misrepair_a1-b2' 'Misrepair_a1-b1' 'Repair'
 'Repair' 'Misrepair_a1-b2' 'Repair' 'Repair' 'Repair' 'Repair' 'Repair'
 'Misrepair_a1-b1' 'Repair' 'Misrepair_a1-b2' 'Misrepair_a1-b1'
 'Misrepair_a2-b1' 'Repair' 'Misrepair_a1-b2' 'Misrepair_a2-b1' 'Repair'
 'Misrepair_a1-b1' 'Misrepair_a1-b1' 'Misrepair_a2-b2' 'Misrepair_a1-b1'
 'Misrepair_a2-b1' 'Repair' 'Misrepair_a1-b2' 'Misrepair_a2-b2'
 'Misrepair_a2-b2' 'Misrepair_a1-b2' 'Misrepair_a2-b2' 'Misrepair_a2-b1'
 'Misrepair_a1-b1' 'Misrepair_a1-b1' 'Misrepair_a2-b1' 'Misrepair_a2-b1'
 'Misrepair_a2-b1' 'Misrepair_a1-b1' 'Repair' 'Misrepair_a2-b2'
 'Misrepair_a1-b1' 'Misrepair_a1-b2' 'Repair' 'Misrepair_a2-b1' 'Repair'
 'Misrepair_a1-b2' 'Misrepair_a2-b1' 'Repair' 'Repair' 'Repair'
 'Misrepair_a1-b2' 'Repair' 'Repair' 'Repair' 'Repair' 'Misrepair_a2-b1'
 'Misrepair_a1-b2' 'Misrepair_a1-b2' 'Repair' 'Misrepair_a2-b2'
 'Misrepair_a2-b1' 'Misrepair_a2-b1' 'Misrepair_a1-b2' 'Misrepair_a1-b2'
 'Misrepair_a1-b2' 'Repair' 'Misrepair_a1-b1' 'Repair' 'Misrepair_a2-b2'
 'Misrepair_a1-b2' 'Misrepair_a2-b2' 'Misrepair_a1-b1' 'Misrepair_a1-b1'
 'Misrepair_a1-b2' 'Misrepair_a1-b2' 'Repair' 'Repair' 'Misrepair_a1-b1'
 'Misrepair_a1-b2' 'Misrepair_a1-b2' 'Repair' 'Misrepair_a2-b1'
 'Misrepair_a2-b2' 'Misrepair_a2-b2' 'Misrepair_a1-b1' 'Misrepair_a2-b1'
 'Repair' 'Repair' 'Misrepair_a2-b2' 'Misrepair_a2-b2' 'Misrepair_a2-b2'
 'Repair' 'Repair' 'Misrepair_a2-b2' 'Repair' 'Repair' 'Repair' 'Repair'
 'Misrepair_a2-b1' 'Misrepair_a2-b1' 'Misrepair_a1-b2' 'Misrepair_a2-b1'
 'Misrepair_a1-b1' 'Misrepair_a2-b1' 'Misrepair_a1-b2' 'Misrepair_a2-b2'
 'Misrepair_a2-b1' 'Misrepair_a2-b2' 'Repair' 'Repair' 'Misrepair_a1-b1'
 'Misrepair_a1-b2' 'Misrepair_a1-b2' 'Repair' 'Repair' 'Misrepair_a1-b2'
 'Misrepair_a1-b1' 'Misrepair_a1-b2' 'Misrepair_a2-b2' 'Misrepair_a2-b2'
 'Repair' 'Repair' 'Misrepair_a1-b2' 'Misrepair_a2-b1' 'Misrepair_a1-b2'
 'Repair' 'Repair' 'Misrepair_a2-b2' 'Misrepair_a2-b1' 'Misrepair_a2-b1'
 'Repair' 'Misrepair_a1-b1' 'Repair' 'Misrepair_a2-b2' 'Repair'
 'Misrepair_a2-b2' 'Misrepair_a2-b1' 'Misrepair_a2-b2' 'Repair'
 'Misrepair_a2-b1' 'Misrepair_a2-b1' 'Misrepair_a1-b2' 'Repair'
 'Misrepair_a2-b2' 'Repair' 'Repair' 'Misrepair_a2-b2' 'Misrepair_a1-b2'
 'Repair' 'Misrepair_a2-b1' 'Misrepair_a1-b2' 'Misrepair_a2-b2'
 'Misrepair_a1-b2' 'Misrepair_a2-b2' 'Misrepair_a2-b2' 'Repair'
 'Misrepair_a2-b1' 'Misrepair_a2-b2' 'Misrepair_a1-b1' 'Misrepair_a2-b1'
 'Misrepair_a1-b2' 'Misrepair_a1-b2' 'Misrepair_a2-b2' 'Misrepair_a1-b1'
 'Misrepair_a1-b1' 'Misrepair_a1-b2' 'Misrepair_a2-b2']","[3.06500e+01 1.67400e+01 1.01100e+01 5.27000e+00 4.72050e+01 2.07000e+00
 3.52000e+00 6.21000e+00 1.86800e+01 3.04500e+00 2.02800e+01 1.42150e+01
 2.35950e+01 6.73500e+00 8.30000e-01 9.42500e+00 1.18580e+02 7.15000e+00
 1.15300e+01         nan 4.90000e-01 1.47500e+00 2.91150e+01 5.09000e+01
 1.65000e-01 3.10000e-01 1.75000e-01 7.24750e+01 4.47000e+00 1.26800e+01
 5.80100e+01 4.44000e+00 3.43500e+00 1.50000e-02 8.85350e+01 9.70000e-01
 4.01100e+01 1.60000e-01 1.13900e+01 4.64450e+01 2.00000e-01 1.43000e+00
 2.67650e+01 1.99500e+01 5.58000e+00 8.34500e+00 0.00000e+00 6.40000e+00
 6.42500e+00 2.81500e+00 1.52150e+01 1.85500e+00 4.43250e+01 1.62000e+00
 8.15000e+00 5.23450e+01 5.82500e+00 5.78000e+00 6.70000e-01 8.95000e-01
 9.49200e+01 2.50000e-02 5.55000e+00 7.10000e-01 2.32000e+00 5.06000e+00
 2.62050e+01 2.83000e+00 2.35350e+01 1.87000e+00 1.11800e+01 1.88750e+01
 1.57700e+01 6.95000e+00 4.92500e+00 6.77500e+00 4.02500e+00 4.19000e+00
 1.30000e+00 3.83500e+00 1.77900e+01 6.81450e+01 1.96050e+01 6.10000e-01
 9.70000e+00 1.26800e+01 1.51900e+01 1.51900e+01 1.29750e+01 4.26300e+01
 1.19250e+01 9.26000e+00 4.75500e+00 1.08050e+01 1.84850e+01 3.49000e+00
 3.84500e+00 2.45000e-01 1.17550e+01 3.43400e+01 1.38750e+01 3.70500e+00
 1.62000e+00 1.82500e+00 8.91000e+00 4.89000e+00 6.30000e-01 6.51750e+01
 3.85500e+00 1.42050e+01 2.01500e+00 3.16350e+01 1.33500e+00 1.87250e+01
 4.67100e+01 4.01450e+01 1.57700e+01 6.01000e+00 3.82950e+01 3.65700e+01
 1.14000e+01 2.99000e+00 1.95000e+00 1.84150e+01 1.16100e+01 3.85000e-01
 2.50350e+01 5.05000e-01 9.69000e+00 6.73500e+00 3.63300e+01 2.28400e+01
 3.48000e+01 1.15000e-01 1.19100e+01 1.11650e+01 1.75750e+01 5.00000e-03
 3.30400e+01 6.53300e+01 1.00000e-01 1.68450e+01 3.45000e-01 6.13950e+01
 5.07000e+00 5.45000e-01 5.40000e-01 4.60500e+00 2.90850e+01 7.10000e+00
 3.05500e+00 5.85000e+00 1.15600e+01 1.14150e+01 1.74150e+01 4.47000e+00
 1.07700e+01 1.16450e+01 2.95000e-01 1.05350e+01 2.28500e+00 2.03500e+00
 6.21500e+00 4.72000e+00 2.74750e+01 1.39350e+01 5.66000e+00 1.86500e+00
 5.26850e+01 8.72000e+00 4.15000e-01 3.29500e+00 4.45000e-01 2.65500e+00
 7.62000e+00 2.78500e+00 1.75300e+01 1.49500e+00 2.00000e-02 2.09500e+00
 2.50500e+01 2.38050e+01 3.25050e+01 1.18350e+01 3.60000e+01 0.00000e+00
 2.80050e+01 1.17000e+00 1.39650e+01 1.11765e+02 1.16500e+01 1.02000e+00
 1.60550e+01 1.04550e+01 2.08500e+00 3.13650e+01 9.90000e-01 4.85000e+00
 1.06800e+01 5.01500e+00 3.66000e+00 8.46000e+00 8.94500e+00 1.18800e+01
 4.57500e+00 1.18000e+01 8.44000e+00 3.04100e+01 1.17000e+00 6.53000e+00
 5.86650e+01 1.24150e+01 8.20000e+00 6.11500e+00 3.37000e+00 6.62500e+00
 4.41000e+00 1.05200e+01 2.44900e+01 6.40000e-01 4.13000e+00 8.56500e+00
 2.20850e+01 1.13700e+01 2.25100e+01 5.60000e+01 4.45950e+01 1.26850e+01
 2.27100e+01 8.07500e+00 1.54000e+00 9.67500e+01 4.65000e+00 7.80000e+00
 1.14710e+02 1.36000e+00 6.45000e-01 3.41650e+01 2.34500e+00 4.97200e+01
 5.92500e+00 1.48500e+01 5.74200e+01 1.98500e+00 4.47500e+00 1.01500e+00
 3.48000e+00 1.29000e+00 2.07650e+01 6.25000e+00]",15.535060240963853,13.379452054794521,16.429147727272728,2.57540767682381,0.06437060199118794,0.06437060199163902,"Counter({'Repair': 73, 'Misrepair_a2-b1': 47, 'Misrepair_a1-b2': 46, 'Misrepair_a2-b2': 43, 'Misrepair_a1-b1': 40, 'NA': 1})",0.2931726907630522,0.05654247499967941,0.0,"[0.06314709 0.08164499 0.0584274  0.11195601 0.09976643 0.10248757
 0.10910584 0.198757   0.06284988 0.15827056 0.05840609 0.06940865
 0.11161026 0.08749438 0.09429066 0.09334461 0.10533826 0.08716638
 0.12646947        nan 0.09136834 0.09789505 0.07710381 0.06332695
 0.12469696 0.07120549 0.07245575 0.06064363 0.13909275 0.07272696
 0.09093456 0.06796008 0.06877188 0.10651582 0.08275766 0.06035751
 0.07578933 0.1036827  0.06448339 0.06596776 0.0903161  0.24005172
 0.05874559 0.08816152 0.07997888 0.08102312 0.05898798 0.17810001
 0.08919277 0.12128796 0.07924159 0.11071723 0.05176386 0.07206589
 0.09884248 0.1033412  0.07399383 0.0675444  0.10406159 0.05939503
 0.08475152 0.09253522 0.05328418 0.06031527 0.08252335 0.08930021
 0.1382837  0.0912096  0.10184873 0.08303246 0.04550624 0.05771385
 0.0867207  0.06640856 0.08896675 0.07401324 0.0815459  0.07934463
 0.10894022 0.07418436 0.10849514 0.04895029 0.05105158 0.06882918
 0.07126834 0.10741985 0.06874665 0.25681827 0.09958563 0.08324907
 0.07661991 0.06394012 0.24129238 0.10181913 0.06730739 0.10252019
 0.0904082  0.0577244  0.05184265 0.06401391 0.22112904 0.0817734
 0.09466261 0.22196021 0.0834277  0.11696372 0.08746452 0.12618584
 0.14842043 0.07663582 0.07154775 0.06822471 0.08140987 0.07381758
 0.06631874 0.12963818 0.05858492 0.08899309 0.11173603 0.06703411
 0.40844364 0.08806874 0.05291896 0.07961342 0.09210422 0.08102137
 0.11336068 0.1037888  0.08803273 0.06343997 0.0618265  0.12546405
 0.09659508 0.0875629  0.10008126 0.07294109 0.14084781 0.13649562
 0.07952597 0.07872968 0.16891094 0.11723253 0.10328779 0.07706877
 0.21902251 0.07083208 0.09599335 0.09382245 0.05778265 0.301586
 0.12115247 0.07352667 0.17492101 0.07287887 0.14278891 0.05874582
 0.06983736 0.07777731 0.18566919 0.12262883 0.07170066 0.05533703
 0.07421664 0.2765592  0.05024684 0.08684477 0.07441442 0.10706295
 0.09664464 0.12315952 0.17477022 0.07802138 0.16566583 0.09244251
 0.1363718  0.0661993  0.0610838  0.16497187 0.0526368  0.09635709
 0.09673826 0.07368204 0.07162771 0.05591396 0.07819684 0.07273912
 0.07343294 0.26937705 0.08694916 0.08818999 0.10614469 0.08683415
 0.11155386 0.15641721 0.06443865 0.12700467 0.1676533  0.1331664
 0.07750355 0.08238474 0.11017711 0.20146427 0.08528805 0.11469168
 0.065073   0.07460903 0.05556164 0.15136682 0.13659259 0.07907012
 0.07013269 0.07473026 0.06390698 0.1223583  0.07462455 0.28503494
 0.23155252 0.10970404 0.08021854 0.13180879 0.07224116 0.11091042
 0.08072863 0.20755768 0.09479275 0.05768612 0.07546792 0.06193226
 0.1136866  0.087769   0.07978799 0.09717984 0.11890566 0.05833321
 0.07092559 0.15065053 0.11153565 0.13045923 0.10937844 0.0828153
 0.3684253  0.08248749 0.32471875 0.14669496 0.08177316 0.06220025
 0.05187887 0.16736901 0.20111167 0.09361829]",0.10303100847125485,0.0067298815059180835
0_3,100,3,0.2,20,True,0.008,250,0.005,0.01,24000,0.22499999999999998,2000,24000,0.05,9,2,2,0,250,"['Repair' 'Misrepair_a1-b2' 'Misrepair_a1-b2' 'Repair' 'Misrepair_a1-b2'
 'Misrepair_a1-b1' 'Repair' 'Misrepair_a1-b1' 'Misrepair_a2-b1' 'Repair'
 'Misrepair_a2-b1' 'Misrepair_a2-b1' 'Repair' 'Repair' 'Repair' 'Repair'
 'Misrepair_a1-b2' 'Misrepair_a1-b2' 'Misrepair_a2-b1' 'Repair' 'Repair'
 'Misrepair_a1-b1' 'Misrepair_a1-b2' 'Misrepair_a1-b1' 'Repair'
 'Misrepair_a2-b1' 'Repair' 'Misrepair_a2-b2' 'Misrepair_a2-b1'
 'Misrepair_a2-b1' 'Misrepair_a2-b1' 'Misrepair_a2-b1' 'Repair'
 'Misrepair_a1-b2' 'Misrepair_a2-b1' 'NA' 'Misrepair_a1-b2'
 'Misrepair_a1-b2' 'Repair' 'Misrepair_a1-b2' 'Misrepair_a1-b2' 'Repair'
 'Repair' 'Misrepair_a1-b1' 'Repair' 'Repair' 'Misrepair_a2-b1' 'Repair'
 'Repair' 'Misrepair_a2-b2' 'Repair' 'Repair' 'Misrepair_a1-b1'
 'Misrepair_a2-b2' 'Repair' 'Misrepair_a1-b2' 'Repair' 'Misrepair_a2-b1'
 'Misrepair_a2-b2' 'Misrepair_a2-b1' 'Repair' 'Misrepair_a1-b1'
 'Misrepair_a2-b1' 'Misrepair_a2-b1' 'Repair' 'Misrepair_a1-b2'
 'Misrepair_a1-b1' 'Misrepair_a2-b1' 'Misrepair_a1-b2' 'Misrepair_a2-b1'
 'Misrepair_a1-b1' 'Misrepair_a2-b2' 'Repair' 'Misrepair_a1-b1' 'Repair'
 'Misrepair_a1-b1' 'Misrepair_a1-b1' 'Repair' 'Repair' 'Misrepair_a2-b1'
 'Repair' 'Misrepair_a1-b2' 'Misrepair_a2-b1' 'Repair' 'Misrepair_a1-b2'
 'Misrepair_a2-b2' 'Misrepair_a1-b1' 'Repair' 'Repair' 'Misrepair_a2-b2'
 'Misrepair_a1-b1' 'Misrepair_a2-b1' 'Repair' 'Repair' 'Misrepair_a1-b2'
 'Misrepair_a2-b1' 'Misrepair_a2-b1' 'Misrepair_a2-b1' 'Repair'
 'Misrepair_a1-b1' 'Misrepair_a1-b2' 'Repair' 'NA' 'Misrepair_a2-b1'
 'Misrepair_a1-b2' 'Repair' 'Repair' 'Repair' 'Misrepair_a1-b1' 'Repair'
 'Repair' 'Misrepair_a2-b1' 'Misrepair_a2-b1' 'Misrepair_a1-b2'
 'Misrepair_a2-b1' 'Misrepair_a1-b2' 'Misrepair_a2-b1' 'Misrepair_a2-b1'
 'Misrepair_a2-b2' 'Repair' 'Misrepair_a2-b1' 'Misrepair_a2-b1' 'Repair'
 'Misrepair_a2-b1' 'Misrepair_a1-b1' 'Repair' 'Misrepair_a2-b1'
 'Misrepair_a1-b1' 'Misrepair_a2-b1' 'Misrepair_a2-b2' 'Repair'
 'Misrepair_a1-b1' 'Misrepair_a1-b2' 'Repair' 'Misrepair_a2-b2' 'Repair'
 'Misrepair_a2-b2' 'Misrepair_a1-b2' 'Misrepair_a1-b1' 'Misrepair_a1-b2'
 'Misrepair_a2-b1' 'Misrepair_a2-b2' 'Misrepair_a1-b2' 'Misrepair_a2-b1'
 'Misrepair_a2-b1' 'Misrepair_a1-b2' 'Repair' 'Misrepair_a2-b2'
 'Misrepair_a1-b2' 'Repair' 'Misrepair_a1-b2' 'Misrepair_a1-b1'
 'Misrepair_a2-b1' 'Misrepair_a1-b1' 'Misrepair_a1-b1' 'Misrepair_a2-b1'
 'Misrepair_a2-b1' 'Repair' 'Misrepair_a1-b2' 'Repair' 'Misrepair_a2-b2'
 'Misrepair_a2-b1' 'Misrepair_a1-b1' 'Repair' 'Misrepair_a1-b1'
 'Misrepair_a1-b1' 'Misrepair_a1-b1' 'Misrepair_a1-b2' 'Misrepair_a1-b2'
 'Misrepair_a1-b1' 'NA' 'Misrepair_a2-b2' 'Misrepair_a2-b2' 'NA'
 'Misrepair_a2-b1' 'Repair' 'Misrepair_a1-b1' 'Misrepair_a2-b1'
 'Misrepair_a1-b2' 'Misrepair_a2-b1' 'Repair' 'Misrepair_a1-b1'
 'Misrepair_a1-b1' 'Repair' 'Misrepair_a1-b2' 'Misrepair_a2-b1'
 'Misrepair_a1-b2' 'Misrepair_a2-b1' 'Repair' 'Misrepair_a2-b1'
 'Misrepair_a2-b1' 'Repair' 'Repair' 'Repair' 'Misrepair_a2-b1'
 'Misrepair_a1-b1' 'Misrepair_a2-b1' 'Misrepair_a2-b2' 'Repair' 'Repair'
 'Misrepair_a2-b2' 'Misrepair_a1-b1' 'Misrepair_a1-b1' 'Repair'
 'Misrepair_a1-b2' 'Misrepair_a2-b2' 'Repair' 'Misrepair_a2-b1'
 'Misrepair_a2-b2' 'Misrepair_a2-b1' 'Misrepair_a1-b2' 'Repair'
 'Misrepair_a1-b2' 'Misrepair_a2-b1' 'Misrepair_a2-b2' 'Repair'
 'Misrepair_a2-b1' 'Repair' 'Misrepair_a2-b2' 'Misrepair_a1-b2'
 'Misrepair_a2-b2' 'Misrepair_a1-b2' 'Repair' 'Repair' 'Repair'
 'Misrepair_a1-b1' 'Misrepair_a2-b2' 'Repair' 'Misrepair_a2-b2'
 'Misrepair_a2-b2' 'Repair' 'Repair' 'Misrepair_a1-b1' 'Misrepair_a2-b1'
 'Repair' 'Misrepair_a2-b1' 'Repair' 'Repair' 'Misrepair_a1-b2'
 'Misrepair_a2-b2' 'Repair' 'NA' 'Misrepair_a2-b1' 'Misrepair_a1-b2'
 'Misrepair_a1-b1' 'Repair' 'Repair' 'Misrepair_a2-b1' 'Misrepair_a1-b1'
 'Misrepair_a1-b1']","[4.44500e+00 9.08000e+00 9.86300e+01 1.37500e+00 2.05100e+01 3.43500e+00
 4.09400e+01 6.08500e+00 2.20000e-01 1.71850e+01 1.55400e+01 4.24250e+01
 2.94250e+01 3.42350e+01 4.16500e+00 2.40000e+00 1.48450e+01 2.13900e+01
 6.24500e+00 1.75000e-01 9.79500e+00 9.06500e+00 8.06800e+01 3.63300e+01
 5.64000e+00 1.44500e+01 3.81450e+01 2.45500e+00 2.50000e-01 1.35000e+00
 4.99500e+00 0.00000e+00 2.05750e+01 3.57800e+01 3.90000e-01         nan
 5.08000e+00 1.32800e+01 2.50000e-02 2.82500e+00 3.00000e-02 6.91450e+01
 5.49000e+00 1.91100e+01 1.87000e+00 4.33050e+01 4.35000e-01 4.95200e+01
 1.98700e+01 6.55000e-01 5.45000e+00 1.24150e+01 1.35950e+01 1.73150e+01
 2.74900e+01 2.60000e+00 6.55000e-01 6.78900e+01 1.06965e+02 1.26500e+00
 1.88600e+01 2.90000e-01 6.42900e+01 5.52500e+00 1.62500e+00 3.57900e+01
 4.49050e+01 6.48900e+01 2.64850e+01 2.50000e-02 5.30500e+00 4.62000e+00
 4.03000e+00 5.00000e-03 4.20900e+01 1.62850e+01 1.32400e+01 1.87400e+01
 1.65500e+00 1.43700e+01 2.39500e+00 2.94500e+00 7.37500e+00 1.54650e+01
 3.50500e+00 4.29500e+01 3.45000e-01 1.50000e+00 6.75000e-01 6.03500e+00
 3.32500e+00 1.82100e+01 1.87550e+01 7.57000e+01 4.18000e+00 3.70500e+00
 1.60950e+01 1.01205e+02 1.50750e+01 1.48500e+01 5.18850e+01 3.40400e+01
         nan 8.64000e+00 6.05850e+01 3.88750e+01 5.45950e+01 1.52150e+01
 4.69750e+01 7.56000e+00 6.24000e+00 1.09950e+01 1.46100e+01 1.36950e+01
 4.25000e-01 1.90000e+00 2.19600e+01 6.10550e+01 3.46900e+01 1.84150e+01
 5.39200e+01 1.16600e+01 2.54450e+01 7.16000e+00 2.07350e+01 4.87000e+01
 4.10000e+00 4.91500e+00 4.00000e-01 4.80500e+00 7.62200e+01 9.18000e+00
 3.70000e+00 7.70000e-01 9.06000e+00 1.29500e+00 4.88400e+01 2.79250e+01
 4.28800e+01 1.16240e+02 5.94500e+00 2.75000e+00 1.31150e+01 4.35000e-01
 7.50000e-02 4.71250e+01 6.81000e+00 1.61000e+01 5.00000e-03 8.50000e-02
 1.26500e+01 5.11600e+01 1.41750e+01 9.85000e-01 1.70800e+01 1.36350e+01
 1.50000e+00 1.62900e+01 1.73000e+00 1.58950e+01 3.90000e-01 2.25500e+01
 1.45000e-01 6.76350e+01 3.88000e+01 1.88500e+00 2.37000e+00 2.24300e+01
 2.12800e+01 1.00350e+01         nan 2.55500e+00 1.30450e+01         nan
 2.96000e+01 8.44000e+00 1.56750e+01 1.51000e+00 8.40000e+00 2.00000e-02
 2.68750e+01 2.82400e+01 7.38000e+00 9.75100e+01 5.33350e+01 1.10800e+01
 9.68000e+00 1.63000e+00 9.61500e+00 1.50350e+01 2.14750e+01 9.95000e-01
 2.79200e+01 5.40000e-01 1.06960e+02 1.19150e+01 6.90950e+01 5.45000e+00
 3.43500e+00 4.58500e+00 5.87050e+01 1.36500e+01 3.05250e+01 3.65050e+01
 4.73500e+00 6.65000e+00 3.00000e-02 1.87200e+01 1.65700e+01 9.49000e+00
 1.92500e+00 2.91000e+00 2.71100e+01 4.23550e+01 1.02760e+02 6.89000e+00
 7.22000e+00 1.78350e+01 2.24800e+01 2.81000e+00 2.30500e+01 5.56000e+00
 1.77100e+01 2.64000e+00 3.53000e+00 5.85000e-01 8.00000e-01 1.13700e+01
 3.09100e+01 1.61850e+01 2.83100e+01 2.41350e+01 1.29100e+01 2.17450e+01
 6.59000e+00 3.59650e+01 1.48500e+00 4.29500e+00 9.82100e+01 1.38850e+01
 3.70000e-01         nan 5.07000e+00 4.83200e+01 8.21500e+00 6.21650e+01
 3.95700e+01 3.03950e+01 2.10000e-01 1.01100e+01]",19.950122448979595,19.258,20.285696969696968,2.98060480194287,0.05012526312172312,0.05012526312425976,"Counter({'Repair': 80, 'Misrepair_a2-b1': 58, 'Misrepair_a1-b2': 41, 'Misrepair_a1-b1': 39, 'Misrepair_a2-b2': 27, 'NA': 5})",0.32653061224489793,0.058721063216754875,0.0,"[0.08569152 0.08594495 0.06548308 0.208061   0.12755925 0.08742734
 0.09982799 0.16992103 0.56306668 0.11109311 0.07067718 0.09336463
 0.04883563 0.28201015 0.11544905 0.20541328 0.09375664 0.09076008
 0.08891112 0.10277645 0.14547621 0.06449156 0.14661503 0.14789909
 0.07120931 0.0730611  0.07372247 0.09304199 0.10382833 0.22860821
 0.10597843 0.09229504 0.17267468 0.12032917 0.22941798        nan
 0.07503825 0.08812685 0.16936873 0.09241707 0.29076156 0.0614621
 0.13384987 0.07361475 0.06065891 0.10242757 0.08734809 0.08740759
 0.06721648 0.06593202 0.12631202 0.0961835  0.096511   0.15413865
 0.15779804 0.26942347 0.09135701 0.0934366  0.13018423 0.29995947
 0.08047278 0.18369377 0.05430733 0.09443249 0.13164798 0.08183818
 0.05854699 0.09244388 0.07641141 0.10685592 0.07290881 0.10038021
 0.18528983 0.12091007 0.06593439 0.09281298 0.08964864 0.07761884
 0.14447015 0.10491907 0.09504064 0.13910613 0.12350475 0.1340642
 0.07071851 0.0717157  0.18720427 0.08572577 0.04499524 0.08904187
 0.07043694 0.08574557 0.06923237 0.13179373 0.07163842 0.11530798
 0.09573394 0.08911701 0.14022753 0.12666367 0.06596475 0.08623927
        nan 0.06339012 0.05248014 0.06911398 0.06474051 0.08239912
 0.04828148 0.12379309 0.12888966 0.09558534 0.21708128 0.12210282
 0.1468301  0.13141878 0.09571953 0.09695557 0.06555074 0.08611183
 0.07345857 0.13794953 0.06264112 0.35788651 0.06777611 0.09571141
 0.09292311 0.11223102 0.08151841 0.09458422 0.05294286 0.07387919
 0.14977384 0.2169745  0.08357108 0.20696298 0.08854689 0.07423695
 0.07102772 0.06206371 0.12751411 0.10129149 0.11064618 0.06389041
 0.12709619 0.07536642 0.12235135 0.08389463 0.25053966 0.08896259
 0.08691505 0.07797049 0.07172411 0.09709037 0.04932723 0.09997134
 0.13342754 0.05296185 0.06906872 0.04732617 0.08110377 0.08838498
 0.06494297 0.11208071 0.1002026  0.09237464 0.27251198 0.08182697
 0.08386506 0.09357292        nan 0.1364858  0.10093621        nan
 0.08270889 0.06141713 0.09325135 0.13902164 0.09117836 0.1650922
 0.06084385 0.08263445 0.12056457 0.05735689 0.06165863 0.05242592
 0.12188369 0.07229612 0.17312963 0.04412996 0.14182252 0.11450798
 0.2282893  0.1431018  0.1029235  0.10842548 0.09114717 0.0808641
 0.0595091  0.13159611 0.11416304 0.11441839 0.08171777 0.07471817
 0.0757432  0.08817645 0.06900217 0.08372744 0.07741301 0.06674161
 0.09700693 0.08615168 0.06707309 0.07071742 0.06638099 0.06895576
 0.11432835 0.12016787 0.08135183 0.15251426 0.09706871 0.06708763
 0.10272845 0.18594169 0.1094212  0.36298932 0.15457471 0.08342384
 0.07545247 0.11135759 0.07621134 0.2082203  0.115205   0.06690095
 0.07544019 0.1035867  0.10314791 0.05800995 0.08623063 0.07003375
 0.09020375        nan 0.18891217 0.05322237 0.06943984 0.05875685
 0.10388164 0.09791472 0.11816046 0.08305732]",0.10882422065992357,0.00745122254389048
0_4,100,3,0.2,20,True,0.008,250,0.005,0.01,24000,0.3,2000,24000,0.05,9,2,2,0,250,"['NA' 'Misrepair_a2-b2' 'Misrepair_a2-b1' 'Repair' 'Misrepair_a2-b2'
 'Repair' 'Repair' 'Misrepair_a1-b1' 'Repair' 'Misrepair_a2-b2' 'Repair'
 'Misrepair_a2-b2' 'NA' 'Misrepair_a2-b1' 'Misrepair_a2-b2'
 'Misrepair_a2-b2' 'Misrepair_a1-b2' 'Repair' 'Misrepair_a1-b1'
 'Misrepair_a2-b2' 'Repair' 'Repair' 'Repair' 'Misrepair_a2-b2' 'NA' 'NA'
 'Misrepair_a1-b1' 'Misrepair_a2-b2' 'Repair' 'Misrepair_a2-b1'
 'Misrepair_a1-b1' 'Misrepair_a1-b1' 'Repair' 'Misrepair_a1-b2' 'Repair'
 'Misrepair_a1-b2' 'NA' 'Repair' 'Misrepair_a2-b1' 'NA' 'Misrepair_a2-b1'
 'Misrepair_a2-b2' 'Repair' 'Misrepair_a1-b2' 'Misrepair_a2-b2'
 'Misrepair_a2-b1' 'Repair' 'Misrepair_a1-b1' 'Misrepair_a1-b2'
 'Misrepair_a2-b1' 'Misrepair_a1-b2' 'Misrepair_a1-b1' 'NA'
 'Misrepair_a1-b2' 'Misrepair_a2-b2' 'Misrepair_a1-b2' 'Repair'
 'Misrepair_a1-b1' 'Repair' 'Repair' 'Misrepair_a1-b1' 'Repair'
 'Misrepair_a2-b1' 'Repair' 'Misrepair_a1-b1' 'Misrepair_a2-b2'
 'Misrepair_a2-b1' 'Misrepair_a1-b2' 'Misrepair_a2-b2' 'Repair'
 'Misrepair_a1-b1' 'Misrepair_a2-b1' 'Misrepair_a1-b2' 'Misrepair_a2-b1'
 'Misrepair_a2-b2' 'Misrepair_a1-b1' 'Misrepair_a1-b2' 'Misrepair_a1-b2'
 'Misrepair_a2-b1' 'Repair' 'Misrepair_a2-b1' 'Misrepair_a1-b1' 'Repair'
 'Repair' 'Misrepair_a2-b2' 'Repair' 'Misrepair_a1-b1' 'NA' 'Repair'
 'Repair' 'Misrepair_a1-b1' 'Misrepair_a2-b2' 'Misrepair_a2-b1' 'NA'
 'Misrepair_a2-b1' 'Misrepair_a1-b1' 'Repair' 'Misrepair_a1-b1'
 'Misrepair_a2-b1' 'Repair' 'Misrepair_a1-b2' 'Misrepair_a2-b1' 'NA'
 'Repair' 'Repair' 'Misrepair_a1-b1' 'NA' 'Misrepair_a2-b2'
 'Misrepair_a2-b2' 'Repair' 'Misrepair_a1-b1' 'Misrepair_a1-b1' 'Repair'
 'Misrepair_a2-b1' 'Misrepair_a1-b2' 'Misrepair_a1-b2' 'Misrepair_a2-b1'
 'Misrepair_a1-b2' 'Misrepair_a2-b2' 'Repair' 'Misrepair_a1-b1'
 'Misrepair_a2-b2' 'Repair' 'Repair' 'Misrepair_a1-b1' 'Misrepair_a2-b2'
 'Misrepair_a2-b2' 'Misrepair_a1-b1' 'Misrepair_a2-b1' 'Misrepair_a2-b2'
 'Repair' 'Misrepair_a2-b2' 'Repair' 'Repair' 'Repair' 'Repair'
 'Misrepair_a1-b2' 'Misrepair_a2-b2' 'Repair' 'Repair' 'Repair'
 'Misrepair_a2-b2' 'Misrepair_a2-b1' 'Misrepair_a1-b2' 'NA' 'Repair' 'NA'
 'Repair' 'Misrepair_a2-b1' 'Repair' 'Misrepair_a2-b2' 'Misrepair_a2-b1'
 'Misrepair_a2-b1' 'Misrepair_a2-b2' 'Misrepair_a2-b1' 'Misrepair_a2-b2'
 'Repair' 'Misrepair_a2-b2' 'Misrepair_a1-b2' 'NA' 'NA' 'Misrepair_a1-b2'
 'Misrepair_a1-b2' 'Misrepair_a1-b2' 'Repair' 'Misrepair_a2-b2'
 'Misrepair_a2-b2' 'Repair' 'Repair' 'Repair' 'Repair' 'Misrepair_a1-b1'
 'Misrepair_a1-b2' 'Misrepair_a2-b2' 'Repair' 'Misrepair_a1-b2'
 'Misrepair_a1-b1' 'Misrepair_a1-b1' 'Misrepair_a2-b2' 'Misrepair_a1-b2'
 'Misrepair_a1-b1' 'Misrepair_a1-b2' 'Repair' 'Repair' 'Misrepair_a1-b1'
 'Misrepair_a1-b2' 'Repair' 'NA' 'Misrepair_a2-b2' 'Repair'
 'Misrepair_a2-b1' 'Repair' 'Repair' 'Misrepair_a2-b1' 'Repair'
 'Misrepair_a1-b1' 'Repair' 'Misrepair_a1-b1' 'Repair' 'Repair' 'NA'
 'Misrepair_a1-b1' 'Misrepair_a1-b2' 'Misrepair_a2-b1' 'Misrepair_a1-b1'
 'Misrepair_a2-b1' 'Misrepair_a2-b1' 'Misrepair_a2-b2' 'NA' 'Repair'
 'Misrepair_a1-b2' 'NA' 'Misrepair_a2-b1' 'Repair' 'Repair'
 'Misrepair_a2-b1' 'Repair' 'Misrepair_a2-b2' 'Repair' 'Misrepair_a2-b2'
 'Repair' 'Misrepair_a2-b1' 'Misrepair_a2-b2' 'Misrepair_a1-b2' 'Repair'
 'Misrepair_a2-b2' 'Misrepair_a2-b2' 'Repair' 'Misrepair_a1-b1'
 'Misrepair_a2-b2' 'Misrepair_a1-b1' 'NA' 'Misrepair_a2-b2' 'Repair'
 'Misrepair_a2-b1' 'Misrepair_a2-b2' 'Repair' 'Misrepair_a2-b1'
 'Misrepair_a2-b1' 'Misrepair_a1-b1' 'Misrepair_a2-b2' 'Misrepair_a1-b2'
 'Repair' 'Repair' 'Misrepair_a1-b2' 'Misrepair_a1-b2' 'NA'
 'Misrepair_a1-b2' 'Misrepair_a1-b1' 'Misrepair_a1-b1']","[        nan 2.12050e+01 3.08000e+00 2.34250e+01 1.30000e-01 1.01700e+01
 4.80000e-01 4.28550e+01 6.64950e+01 2.08500e+00 5.85500e+00 3.31100e+01
         nan 6.40900e+01 1.69000e+00 2.32400e+01 5.10000e+00 5.40000e-01
 4.57850e+01 8.52900e+01 6.69000e+00 8.95000e+00 3.39800e+01 6.43500e+00
         nan         nan 1.00000e-01 2.53100e+01 1.60900e+01 9.79500e+00
 3.83550e+01 4.71550e+01 1.50000e+00 3.88600e+01 8.32500e+00 0.00000e+00
         nan 9.61850e+01 7.01000e+00         nan 1.21100e+01 8.88800e+01
 1.28000e+00 1.28500e+00 5.50000e-01 1.05785e+02 1.82050e+01 6.70000e-01
 1.53550e+01 1.09600e+01 2.90500e+00 5.00000e+00         nan 2.35250e+01
 6.75000e-01 9.81150e+01 2.28250e+01 3.33100e+01 3.58550e+01 4.50000e-02
 1.31500e+01 1.92550e+01 3.49850e+01 0.00000e+00 6.01000e+00 1.76350e+01
 9.33500e+00 3.84900e+01 1.87100e+01 9.88200e+01 4.46950e+01 8.15000e-01
 1.08500e+00 7.82550e+01 6.04350e+01 1.50050e+01 4.35000e+00 4.87300e+01
 4.46700e+01 1.88750e+01 1.22300e+01 6.03000e+00 4.02500e+01 3.83550e+01
 6.77950e+01 2.25500e+00 9.25000e-01         nan 7.55500e+00 7.97300e+01
 2.34800e+01 2.15000e-01 3.88550e+01         nan 4.91000e+00 2.03150e+01
 8.01350e+01 1.10830e+02 2.83700e+01 2.52500e+01 8.28550e+01 1.06500e+01
         nan 1.11300e+02 9.70700e+01 7.62100e+01         nan 1.50000e-02
 4.82450e+01 1.09000e+00 8.83000e+00 1.16035e+02 3.43850e+01 6.15000e-01
 3.02700e+01 3.95200e+01 4.03600e+01 2.45000e-01 2.38400e+01 6.30100e+01
 3.81400e+01 2.89000e+00 3.90700e+01 8.32100e+01 6.61400e+01 9.44400e+01
 3.76700e+01 1.26400e+01 2.04600e+01 5.93450e+01 4.33500e+00 3.77550e+01
 2.63000e+00 5.53500e+00 2.75400e+01 8.61350e+01 1.74500e+00 1.45000e-01
 2.93500e+01 1.13850e+01 3.74550e+01 6.61050e+01 1.19350e+01 2.40000e-01
         nan 4.39550e+01         nan 0.00000e+00 5.03500e+00 7.72000e+00
 0.00000e+00 3.22800e+01 9.21000e+00 1.12450e+01 1.26000e+00 9.09000e+00
 4.76050e+01 3.13800e+01 3.75350e+01         nan         nan 9.34500e+00
 2.00000e-02 6.12500e+00 7.20000e-01 9.90000e-01 9.08500e+00 2.57450e+01
 4.95000e+01 2.32300e+01 8.22100e+01 1.22250e+01 1.55050e+01 1.45000e+00
 2.90000e-01 7.03500e+00 1.69750e+01 1.09065e+02 3.50000e-01 6.11000e+00
 2.11000e+00 2.49200e+01 8.90000e-01 1.04650e+01 2.14900e+01 1.24000e+00
 1.79000e+00         nan 3.32600e+01 1.53950e+01 1.37000e+00 1.13540e+02
 5.77000e+00 1.72650e+01 9.56500e+01 3.93000e+00 1.06320e+02 5.00000e-03
 1.91450e+01 3.46500e+00         nan 1.44000e+00 1.15520e+02 5.50500e+00
 3.80450e+01 8.28500e+00 1.25050e+01 6.85000e-01         nan 1.75350e+01
 1.54000e+00         nan 1.38650e+01 4.85650e+01 6.50000e-02 1.27300e+01
 9.18000e+00 4.75800e+01 2.96000e+00 4.51550e+01 7.72500e+00 1.17250e+01
 9.27400e+01 4.45450e+01 2.67800e+01 2.24300e+01 9.90550e+01 1.91400e+01
 2.65500e+00 6.32150e+01 8.76000e+00         nan 5.38500e+00 4.60000e-01
 6.69000e+00 6.41050e+01 9.67500e+00 3.31000e+00 3.17700e+01 1.65000e+01
 4.18150e+01 4.35500e+00 5.50000e-01 1.40350e+01 4.44000e+00 1.38450e+01
         nan 3.05000e-01 1.34300e+01 1.70500e+00]",26.554344978165936,29.091447368421058,25.294084967320266,3.9098020591298552,0.037658611032871075,0.037658611033687756,"Counter({'Repair': 76, 'Misrepair_a2-b2': 46, 'Misrepair_a1-b1': 37, 'Misrepair_a2-b1': 36, 'Misrepair_a1-b2': 34, 'NA': 21})",0.3318777292576419,0.06098954022399631,0.0,"[       nan 0.07870749 0.69755145 0.18820024 0.36185231 0.23127299
 0.28309623 0.07503367 0.06396394 0.08498024 0.15390965 0.09258975
        nan 0.10588129 0.27784927 0.05614625 0.11049409 0.10703227
 0.08238141 0.13036631 0.08434022 0.07273194 0.10417754 0.08835079
        nan        nan 0.0631405  0.14527582 0.07931237 0.13354657
 0.1344105  0.07914544 0.21207324 0.09663168 0.18082374 0.11634228
        nan 0.09038637 0.06434805        nan 0.05895733 0.14327593
 0.23073679 0.09261465 0.10969974 0.07860563 0.09450801 0.07298597
 0.08586388 0.0562477  0.12320982 0.16395233        nan 0.06826986
 0.11824698 0.06210595 0.0878461  0.14502189 0.08186045 0.18762862
 0.0651588  0.21681782 0.09332318 0.12458436 0.05719601 0.08121718
 0.08944958 0.08122161 0.0653989  0.07747634 0.19012184 0.07661495
 0.06116958 0.12978099 0.0852724  0.09699315 0.08972538 0.05940431
 0.06750345 0.09556985 0.0663112  0.09029537 0.11547099 0.17169564
 0.0731126  0.13179045 0.18344902        nan 0.09888243 0.07880673
 0.07108321 0.06087892 0.079391          nan 0.11170414 0.06176218
 0.10822806 0.0541392  0.13605009 0.08722739 0.05763654 0.0777954
        nan 0.06604943 0.0662285  0.06240758        nan 0.12424663
 0.06716869 0.12739083 0.10102541 0.0614582  0.10774829 0.07932183
 0.06861146 0.08673482 0.09143527 0.11865277 0.08153981 0.08219394
 0.05630961 0.0698212  0.08849693 0.14993933 0.07292312 0.12566603
 0.10896647 0.09794552 0.07548942 0.07820802 0.06950644 0.07563403
 0.10491804 0.07068347 0.07793431 0.08738017 0.10413287 0.12113388
 0.1168964  0.09582048 0.08163011 0.07567235 0.06097034 0.07433648
        nan 0.09926804        nan 0.07597662 0.07162832 0.12947819
 0.09706859 0.15372323 0.09909528 0.08230541 0.18600354 0.07266885
 0.10083961 0.08938908 0.07097399        nan        nan 0.10165506
 0.09651636 0.09548132 0.14125629 0.20507951 0.17617045 0.08481786
 0.10066771 0.10914609 0.09661726 0.10165957 0.24797782 0.06814939
 0.0596767  0.09111691 0.09291857 0.07454836 0.10333111 0.11279638
 0.11174548 0.08301799 0.07155516 0.08000707 0.09703028 0.11827019
 0.0892426         nan 0.0972968  0.09323326 0.0954723  0.10962459
 0.16558417 0.14920178 0.0641491  0.12376448 0.06670485 0.11330498
 0.05906091 0.0726662         nan 0.10361784 0.07998428 0.08211642
 0.06224296 0.18021204 0.11344658 0.14220093        nan 0.07631347
 0.10665932        nan 0.07321991 0.09518947 0.10613049 0.08014297
 0.12940059 0.05924447 0.20626604 0.09150088 0.08370688 0.07720147
 0.06080017 0.09251422 0.09875589 0.06341961 0.06623506 0.09028642
 0.09004214 0.08856182 0.06975886        nan 0.13368106 0.07799441
 0.09541563 0.13472231 0.10295414 0.11786407 0.06019576 0.08494193
 0.06178068 0.07670153 0.10012309 0.06041236 0.09747391 0.08863544
        nan 0.14085322 0.12798725 0.56738782]",0.10693254013932599,0.00857865745832615
