experimentSetID,numMonomers,dim,b,Nc,keepCL,diffusionConstant,numRealisations,dt,dt_relax,waitingSteps,numMaxSteps,encounterDistance,genomicDistance,Nb,Nc_inDamageFoci,iterationsNumber,events,FETs,meanFET,halfCI_FET,expFit_Amplitude,expFit_Rate,eventsCounter,repair_probability,repair_CIhalflength,mean_removedCLs,MSRG_atEncounter,Ensemble_MSRG
0_0,100,3,0.2,3,True,0.008,60,0.047799999999999995,0.01,250,12000,0.13841988477277334,20,2,3,60,"['Misrepair_a2-b2' 'Misrepair_a2-b2' 'Misrepair_a2-b2' 'Misrepair_a1-b1'
 'Misrepair_a2-b1' 'Misrepair_a2-b2' 'Repair' 'Misrepair_a1-b1'
 'Misrepair_a1-b1' 'Repair' 'Misrepair_a2-b1' 'Misrepair_a2-b1'
 'Misrepair_a1-b1' 'Repair' 'Repair' 'Misrepair_a1-b2' 'Misrepair_a2-b1'
 'Repair' 'Misrepair_a1-b1' 'Repair' 'Repair' 'Misrepair_a1-b1' 'Repair'
 'Repair' 'Misrepair_a1-b1' 'Repair' 'Repair' 'Misrepair_a1-b2' 'Repair'
 'Repair' 'Repair' 'Misrepair_a2-b2' 'Misrepair_a1-b1' 'Repair' 'Repair'
 'Repair' 'Repair' 'Repair' 'Misrepair_a2-b1' 'Repair' 'Misrepair_a2-b1'
 'Repair' 'Misrepair_a2-b2' 'Repair' 'Misrepair_a2-b1' 'Repair' 'Repair'
 'Repair' 'Misrepair_a2-b1' 'Misrepair_a1-b1' 'Repair' 'Repair'
 'Misrepair_a2-b1' 'Misrepair_a1-b1' 'Repair' 'Repair' 'Misrepair_a2-b1'
 'Repair' 'Repair' 'Repair']","[2.007600e+00 2.189240e+01 3.068760e+01 5.258000e+00 2.485600e+00
 2.117540e+01 7.695800e+01 2.222700e+02 3.331660e+01 1.625200e+00
 7.170000e-01 2.342200e+00 0.000000e+00 4.541000e+00 0.000000e+00
 0.000000e+00 4.780000e-02 4.450180e+01 2.294400e+00 3.585000e+01
 4.780000e-02 5.186300e+01 1.481800e+00 1.126646e+02 2.074520e+01
 1.219856e+02 7.475920e+01 0.000000e+00 1.056380e+01 1.104180e+01
 7.791400e+00 2.882340e+01 6.070600e+00 1.218900e+01 4.780000e-01
 1.037260e+01 2.868000e-01 1.386200e+00 2.638560e+01 7.265600e+01
 1.481800e+00 1.338400e+00 2.495160e+01 6.945340e+01 1.357520e+01
 1.094620e+01 6.500800e+00 2.581200e+00 4.192060e+01 2.605100e+01
 8.126000e-01 3.824000e-01 8.126000e-01 1.778160e+01 2.485600e+00
 5.927200e+00 1.037260e+01 5.258000e-01 0.000000e+00 3.728400e+00]",22.019866666666662,9.521195506931281,0.11489655993499294,0.1316925677165968,"Counter({'Repair': 32, 'Misrepair_a1-b1': 10, 'Misrepair_a2-b1': 10, 'Misrepair_a2-b2': 6, 'Misrepair_a1-b2': 2})",0.5333333333333333,0.126235992989028,0.0,"[0.6440358  2.19081515 0.64607877 1.72823627 1.25093782 0.71068419
 0.32799766 1.11070501 0.68148224 1.06149081 1.64858034 0.58128919
 0.61022273 0.7105807  2.55785539 0.83405418 0.40998492 0.61033072
 0.66799676 0.72482339 0.38800722 0.34414126 0.60131901 1.11668411
 0.6094624  0.19374142 0.27196303 0.78152272 1.40220573 4.1394844
 1.93326604 0.71781467 0.60685424 1.40561943 1.59017631 0.32743165
 1.42305791 2.11679607 1.22911943 0.37589455 0.91588425 1.08997559
 0.78720001 1.01810303 0.63344874 1.29912234 1.00255666 0.89924204
 0.75270566 0.22070209 1.30004927 1.49456832 0.95448909 0.49656684
 1.46267987 0.65443242 0.60680401 0.75436537 1.00119831 0.91273036]",0.9923261315278781
0_1,100,3,0.2,6,True,0.008,60,0.033499999999999995,0.01,250,12000,0.11597505049066571,20,2,3,60,"['Repair' 'Repair' 'Repair' 'Misrepair_a1-b1' 'Misrepair_a2-b2'
 'Misrepair_a1-b1' 'Misrepair_a2-b1' 'Repair' 'Repair' 'Repair' 'Repair'
 'Repair' 'Misrepair_a1-b2' 'Repair' 'Misrepair_a1-b1' 'Misrepair_a1-b1'
 'Misrepair_a2-b2' 'Misrepair_a2-b2' 'Repair' 'Repair' 'Misrepair_a1-b2'
 'Misrepair_a2-b1' 'Misrepair_a2-b2' 'Repair' 'Repair' 'Repair' 'Repair'
 'Repair' 'Misrepair_a1-b2' 'Misrepair_a2-b1' 'Repair' 'Repair' 'Repair'
 'Repair' 'Misrepair_a2-b1' 'Repair' 'Repair' 'Repair' 'Misrepair_a2-b1'
 'Misrepair_a1-b1' 'Misrepair_a2-b2' 'Misrepair_a1-b2' 'Repair'
 'Misrepair_a2-b1' 'Misrepair_a1-b1' 'Repair' 'Repair' 'Misrepair_a2-b2'
 'Repair' 'Repair' 'Repair' 'Repair' 'Misrepair_a1-b2' 'Misrepair_a1-b1'
 'Misrepair_a2-b1' 'Misrepair_a2-b1' 'Misrepair_a2-b2' 'Misrepair_a2-b1'
 'Repair' 'Misrepair_a1-b2']","[5.96300e+00 1.00500e-01 2.61300e+00 3.56440e+01 1.56110e+01 2.36510e+01
 3.51750e+00 3.35000e-02 4.02000e-01 2.28805e+01 4.18750e+00 1.13900e+00
 8.71000e-01 1.40700e+00 6.96800e+00 3.88600e+00 4.28130e+01 7.43700e+00
 3.35000e-01 3.27965e+01 2.44550e+00 1.97650e+00 4.82400e+00 4.10040e+01
 1.80900e+00 3.53425e+01 1.84920e+01 1.01505e+01 4.22100e+00 7.97300e+00
 4.25450e+00 3.15905e+01 7.10200e+00 1.77550e+01 3.68500e+00 8.74350e+00
 8.24100e+00 0.00000e+00 2.98150e+00 3.71850e+00 0.00000e+00 0.00000e+00
 5.69500e-01 0.00000e+00 1.68505e+01 5.36000e+00 6.02330e+01 1.00500e-01
 3.35000e-02 1.64150e+01 7.20250e+00 1.97650e+00 3.14900e+00 0.00000e+00
 3.61465e+01 4.30475e+01 2.64650e+00 2.79390e+01 1.41705e+01 1.31320e+01]",11.292291666666664,3.533827629242021,0.17399652534397136,0.20194951916648476,"Counter({'Repair': 31, 'Misrepair_a2-b1': 9, 'Misrepair_a1-b1': 7, 'Misrepair_a2-b2': 7, 'Misrepair_a1-b2': 6})",0.5166666666666667,0.1264471489654135,0.0,"[0.51578648 0.47593968 0.89291953 0.42159851 0.84052723 0.69114361
 0.47343929 0.82836781 0.42904231 2.11325227 0.31375116 0.38032385
 0.4601043  1.70807503 0.35288134 0.61543859 0.47118667 1.1202245
 0.83584891 0.61443123 0.62220208 0.81479948 0.81423788 0.46880852
 0.33082389 0.4295385  1.00578521 1.29220195 0.77717221 0.33021071
 0.96382523 0.6422737  0.85498372 1.1551691  0.77790967 0.7699172
 0.25796627 0.34214634 1.54099408 0.41566162 1.50935843 0.59236036
 0.59117346 1.46601116 0.52415289 0.82671667 1.05995299 2.66124281
 1.86850649 0.50848099 1.65396459 0.53154509 1.13025158 0.63408533
 0.30519803 0.16766466 0.66700917 0.42025457 0.98202944 0.55671186]",0.7969596703350879
0_2,100,3,0.2,9,True,0.008,60,0.027200000000000002,0.01,250,12000,0.10442101312828427,20,2,3,60,"['Misrepair_a2-b2' 'Misrepair_a1-b1' 'Misrepair_a2-b2' 'Misrepair_a2-b1'
 'Repair' 'Repair' 'Misrepair_a2-b2' 'Misrepair_a1-b1' 'Misrepair_a1-b2'
 'Repair' 'Misrepair_a2-b1' 'Repair' 'Repair' 'Misrepair_a1-b1' 'Repair'
 'Misrepair_a1-b2' 'Repair' 'Repair' 'Misrepair_a2-b2' 'Misrepair_a1-b2'
 'Repair' 'Misrepair_a2-b1' 'Misrepair_a2-b1' 'Misrepair_a2-b2'
 'Misrepair_a2-b1' 'Repair' 'Repair' 'Misrepair_a2-b1' 'Repair' 'Repair'
 'Misrepair_a1-b1' 'Repair' 'Repair' 'Misrepair_a2-b1' 'Repair' 'Repair'
 'Repair' 'Misrepair_a1-b1' 'Repair' 'Repair' 'Repair' 'Misrepair_a1-b1'
 'Repair' 'Misrepair_a2-b1' 'Repair' 'Misrepair_a2-b1' 'Misrepair_a1-b1'
 'Repair' 'Misrepair_a1-b1' 'Repair' 'Misrepair_a2-b1' 'Misrepair_a2-b1'
 'Misrepair_a2-b2' 'Misrepair_a1-b2' 'Misrepair_a1-b2' 'Repair'
 'Misrepair_a2-b1' 'Repair' 'Misrepair_a2-b1' 'Repair']","[4.89600e-01 0.00000e+00 6.52800e-01 1.97472e+01 3.36192e+01 4.27040e+00
 1.32464e+01 8.78560e+00 7.99680e+00 2.72000e-01 1.02544e+01 3.64208e+01
 1.46880e+00 1.24032e+01 1.65920e+00 2.50240e+00 1.44160e+00 4.69744e+01
 1.14240e+00 5.63040e+00 6.96320e+00 1.20768e+01 2.44800e-01 1.79792e+01
 2.72000e-01 3.99568e+01 1.28928e+01 9.92800e+00 2.62480e+01 2.99200e+00
 8.97600e-01 3.53600e-01 1.36000e-01 2.72000e-02 9.19360e+00 4.81440e+00
 7.86080e+00 6.79456e+01 1.36000e-01 5.44000e-01 5.44000e-02 8.56800e+00
 2.01280e+00 1.31920e+01 2.44800e+00 2.34736e+01 2.25760e+01 0.00000e+00
 6.25600e+00 1.30560e+00 0.00000e+00 1.38176e+01 6.82720e+00 6.41920e+00
 5.16800e-01 3.86512e+01 1.37632e+01 7.61056e+01 5.98400e-01 5.16800e+00]",11.203226666666668,4.023199869507784,0.12327454640954871,0.13394551176492214,"Counter({'Repair': 28, 'Misrepair_a2-b1': 13, 'Misrepair_a1-b1': 8, 'Misrepair_a2-b2': 6, 'Misrepair_a1-b2': 5})",0.4666666666666667,0.126235992989028,0.0,"[0.47085213 0.27167962 1.01827689 0.36616696 0.7032322  0.75664499
 0.44786345 1.06066138 0.45774543 0.47908631 1.09812613 0.34306843
 0.51614589 0.77242941 0.60764476 0.71151232 0.98088527 0.37628576
 1.27726107 0.90590738 0.33502261 2.01156657 0.8947797  0.74343486
 1.64912607 0.47649077 0.27563455 0.76299681 0.44451846 0.39441998
 1.11264171 0.34387687 0.69058548 0.42446675 2.08849552 0.19003314
 1.57188424 0.28604828 0.37188366 0.50434407 0.72142422 0.28459272
 0.5817977  0.48909003 1.20767905 0.79559466 0.24653725 0.80453287
 0.36092488 0.59165027 0.74698705 0.25829841 0.85733387 0.45603865
 0.59757485 0.48180338 0.89274482 0.15399884 0.50126127 0.42465883]",0.6774708253796672
0_3,100,3,0.2,12,True,0.008,60,0.0233,0.01,250,12000,0.09683253245280515,20,2,3,60,"['Repair' 'Repair' 'Repair' 'Repair' 'Repair' 'Misrepair_a2-b2'
 'Misrepair_a1-b2' 'Repair' 'Repair' 'Repair' 'Repair' 'Misrepair_a2-b1'
 'Misrepair_a2-b1' 'Misrepair_a1-b1' 'Misrepair_a1-b2' 'Repair' 'Repair'
 'Misrepair_a1-b1' 'Repair' 'Repair' 'Misrepair_a2-b2' 'Repair'
 'Misrepair_a2-b2' 'Misrepair_a1-b2' 'Misrepair_a2-b2' 'Repair' 'Repair'
 'Misrepair_a1-b2' 'Repair' 'Repair' 'Repair' 'Misrepair_a2-b1'
 'Misrepair_a2-b1' 'Misrepair_a2-b2' 'Misrepair_a2-b1' 'Repair' 'Repair'
 'Misrepair_a2-b1' 'Misrepair_a2-b1' 'Misrepair_a1-b2' 'Misrepair_a1-b1'
 'Misrepair_a1-b1' 'Misrepair_a1-b1' 'Misrepair_a2-b1' 'Repair' 'Repair'
 'Misrepair_a1-b2' 'Repair' 'Misrepair_a2-b2' 'Misrepair_a1-b2'
 'Misrepair_a1-b1' 'Repair' 'Misrepair_a2-b1' 'Repair' 'Misrepair_a1-b2'
 'Misrepair_a2-b1' 'Repair' 'Misrepair_a2-b2' 'Misrepair_a1-b2'
 'Misrepair_a2-b1']","[1.82672e+01 4.66000e-01 5.49880e+00 1.31878e+01 6.15120e+00 0.00000e+00
 5.02581e+01 2.05273e+01 4.00760e+00 2.86590e+00 2.58164e+01 5.26580e+00
 1.61469e+01 3.11987e+01 1.86400e-01 4.66000e-02 3.72800e-01 1.56110e+00
 8.43460e+00 8.57440e+00 4.17070e+00 1.18830e+00 1.47256e+01 3.41112e+01
 2.10399e+01 2.51640e+00 4.03090e+00 3.54160e+00 6.61720e+00 0.00000e+00
 1.28150e+01 3.14550e+00 2.07836e+01 3.98430e+00 1.39800e+00 3.72800e-01
 5.35900e-01 2.79600e+00 4.31050e+00 2.07370e+00 8.48120e+00 8.13170e+00
 2.70280e+00 2.12030e+00 0.00000e+00 2.79600e-01 6.20246e+01 1.42829e+01
 6.17450e+00 3.75130e+00 2.49310e+00 2.46980e+01 0.00000e+00 2.88454e+01
 4.66000e-02 1.51683e+01 1.39800e+00 1.30247e+01 3.02900e-01 1.13704e+01]",9.471450000000003,3.107428510320557,0.1692653508735013,0.19324236495112573,"Counter({'Repair': 27, 'Misrepair_a2-b1': 11, 'Misrepair_a1-b2': 9, 'Misrepair_a2-b2': 7, 'Misrepair_a1-b1': 6})",0.45,0.12588327927091827,0.0,"[0.25018455 0.50447461 0.42574713 0.21822979 0.99389764 0.78035108
 0.20302832 0.24324774 0.44107205 0.81057768 0.23467661 0.87236253
 0.42184819 0.15955041 0.72743891 0.3134752  0.51663003 0.5700335
 0.32298627 0.37758943 1.61135841 0.59546487 0.17049562 0.13550854
 0.60705049 0.75645922 0.70207207 0.58162858 0.5636223  0.2352512
 0.22860904 0.51578167 0.23752172 0.29174369 0.43136269 0.54417905
 0.51702181 0.77601658 0.28189151 0.31358869 0.35759842 0.25483755
 0.29373487 0.45233419 0.73632858 0.4017419  0.15412148 0.45589736
 0.1935767  0.59309588 0.42384593 0.35391892 0.99646318 0.71013791
 0.44782812 0.49246067 0.48787601 0.44958673 0.74166319 0.21485697]",0.47826556554087307
0_4,100,3,0.2,15,True,0.008,60,0.0207,0.01,250,12000,0.09126056915128658,20,2,3,60,"['Repair' 'Repair' 'Repair' 'Misrepair_a1-b1' 'Repair' 'Repair' 'Repair'
 'Misrepair_a2-b2' 'Misrepair_a2-b2' 'Repair' 'Repair' 'Repair' 'Repair'
 'Misrepair_a2-b1' 'Misrepair_a2-b2' 'Misrepair_a1-b1' 'Misrepair_a1-b1'
 'Misrepair_a1-b2' 'Misrepair_a1-b1' 'Misrepair_a1-b1' 'Misrepair_a2-b2'
 'Repair' 'Repair' 'Misrepair_a2-b2' 'Misrepair_a2-b2' 'Repair' 'Repair'
 'Misrepair_a2-b1' 'Repair' 'Misrepair_a2-b1' 'Misrepair_a2-b2' 'Repair'
 'Repair' 'Misrepair_a1-b1' 'Misrepair_a1-b2' 'Misrepair_a1-b1'
 'Misrepair_a2-b1' 'Misrepair_a2-b1' 'Misrepair_a2-b1' 'Misrepair_a2-b1'
 'Repair' 'Repair' 'Repair' 'Repair' 'Misrepair_a1-b2' 'Repair' 'Repair'
 'Misrepair_a2-b2' 'Misrepair_a2-b2' 'Misrepair_a1-b1' 'Repair'
 'Misrepair_a1-b2' 'Repair' 'Misrepair_a1-b2' 'Misrepair_a1-b2' 'Repair'
 'Misrepair_a1-b2' 'Misrepair_a1-b1' 'Misrepair_a1-b1' 'Misrepair_a1-b1']","[ 0.5796 15.732   9.5427  0.      2.5668 21.0726  0.6831  7.8246 18.9405
  0.      1.7388  4.1193  4.5954 22.149  10.2051  0.621   2.898  11.8404
 38.2122  0.8901  8.6112  3.9744 22.8114 21.4245 19.5201  6.1272  1.0143
  0.2277  1.3248  0.1242  7.1829 22.2318  1.0764  8.5284  1.2006  7.3692
  0.828   1.1799  4.9887 27.531   3.1257 12.9375 17.595   2.7945  0.0828
 13.4964 25.1505  3.4983 17.6157  7.5762  0.3726 21.0312 17.4915  7.8867
 13.0617  1.6353 10.8468  3.9123  1.9665 25.7094]",9.154575,2.274831398694393,0.11891125881723943,0.12465253317139231,"Counter({'Repair': 26, 'Misrepair_a1-b1': 11, 'Misrepair_a2-b2': 9, 'Misrepair_a2-b1': 7, 'Misrepair_a1-b2': 7})",0.43333333333333335,0.12538781321844522,0.0,"[1.05344822 0.49131717 0.67549381 0.55099435 0.18176193 0.42998927
 0.40775572 0.28201842 0.35892807 1.2103771  0.4648124  0.57675145
 1.40948718 0.27334502 0.29507762 0.63946548 0.64287368 0.67066242
 0.15543618 0.53574843 0.18195953 0.2473013  0.11342116 0.23747813
 0.20756209 0.20798003 0.55889032 0.43455012 0.86493291 0.3008521
 0.58269702 0.19813945 0.72659464 0.22923152 0.48190512 0.37718995
 0.33158214 1.06165579 0.41328294 0.21999468 0.46682898 0.24264711
 0.11880349 1.1535464  0.38974171 0.53109962 0.40119571 0.2561993
 0.51637223 0.32281544 0.45986787 0.33783625 0.26956327 1.63630645
 0.64510466 0.43381648 0.32618971 0.21870865 0.2189873  0.37149782]",0.47666788806025945
0_5,100,3,0.2,18,True,0.008,60,0.0188,0.01,250,12000,0.08689563816719681,20,2,3,60,"['Repair' 'Repair' 'Misrepair_a1-b2' 'Misrepair_a2-b2' 'Misrepair_a2-b2'
 'Misrepair_a1-b1' 'Misrepair_a2-b2' 'Misrepair_a2-b2' 'Repair'
 'Misrepair_a1-b1' 'Repair' 'Misrepair_a1-b2' 'Misrepair_a1-b1'
 'Misrepair_a1-b1' 'Repair' 'Misrepair_a2-b1' 'Repair' 'Repair'
 'Misrepair_a2-b2' 'Repair' 'Repair' 'Repair' 'Repair' 'Misrepair_a1-b2'
 'Repair' 'Repair' 'Misrepair_a2-b1' 'Repair' 'Repair' 'Misrepair_a1-b2'
 'Misrepair_a1-b2' 'Misrepair_a2-b2' 'Repair' 'Misrepair_a1-b1'
 'Misrepair_a2-b1' 'Misrepair_a1-b2' 'Repair' 'Misrepair_a2-b1'
 'Misrepair_a1-b1' 'Repair' 'Repair' 'Misrepair_a1-b2' 'Repair' 'Repair'
 'Misrepair_a2-b2' 'Misrepair_a2-b2' 'Repair' 'Misrepair_a2-b1'
 'Misrepair_a2-b1' 'Misrepair_a1-b2' 'Repair' 'Misrepair_a1-b1'
 'Misrepair_a1-b2' 'Repair' 'Misrepair_a1-b1' 'Misrepair_a2-b1' 'Repair'
 'Misrepair_a2-b2' 'Misrepair_a1-b1' 'Misrepair_a1-b2']","[ 1.88    0.     11.9192 15.0024  7.5388  5.4708  4.3616  7.2004 16.3936
  5.1888  0.9964  4.8128 26.2636  2.9328  1.6544  0.      1.2972  4.4368
  0.8836 50.102   0.      1.3536  0.4324 24.9476  1.8236 12.8968  3.0456
 37.8632  1.7296  8.178   3.478   5.734  19.1572  0.3384 17.9728  0.282
  0.6016  3.102   1.8424  1.0716  6.204   1.5416  9.0428  0.     13.8368
  3.0644  0.5828  0.188   6.8808 30.0048  3.5156  0.2632  1.2596 11.844
  5.8468 16.638   2.8764  2.7072  2.7448 17.39  ]",7.510286666666667,2.491298080861014,0.2010760276240677,0.2216018908869048,"Counter({'Repair': 25, 'Misrepair_a1-b2': 10, 'Misrepair_a2-b2': 9, 'Misrepair_a1-b1': 9, 'Misrepair_a2-b1': 7})",0.4166666666666667,0.12474789391824231,0.0,"[0.14628914 1.33670235 0.18445089 0.195483   0.18696344 0.74869893
 0.29119781 0.15543641 0.30467566 0.21973223 0.26585999 0.61009278
 0.10263432 0.74113748 0.93103739 0.43549289 0.41323943 0.19052136
 0.52295917 0.16744454 0.70978121 0.45195713 0.24362909 0.15886982
 0.77828482 0.30397261 0.61810944 0.12205881 0.4767163  0.41605698
 0.29513462 1.52471859 0.18908587 0.39958987 0.22324202 0.59997718
 1.18251482 0.38753315 0.43734506 0.37515688 0.4085811  0.40462309
 1.07380707 0.87860585 0.35276174 0.22806933 0.29039483 0.80497618
 0.63627931 0.21696184 0.24092679 0.3888132  0.58089866 0.30407066
 0.71230832 0.37692581 0.3306739  0.47237138 0.28435033 0.92233287]",0.46587526182880895
0_6,100,3,0.2,21,True,0.008,60,0.0173,0.01,250,12000,0.08332811614066489,20,2,3,60,"['Misrepair_a2-b1' 'Repair' 'Repair' 'Repair' 'Repair' 'Misrepair_a2-b1'
 'Misrepair_a2-b1' 'Repair' 'Misrepair_a1-b1' 'Misrepair_a1-b1'
 'Misrepair_a2-b2' 'Misrepair_a2-b1' 'Misrepair_a1-b2' 'Repair' 'Repair'
 'Repair' 'Repair' 'Misrepair_a2-b1' 'Misrepair_a1-b2' 'Repair'
 'Misrepair_a1-b1' 'Misrepair_a2-b2' 'Repair' 'Repair' 'Repair'
 'Misrepair_a1-b2' 'Misrepair_a1-b1' 'Misrepair_a2-b2' 'Misrepair_a1-b1'
 'Misrepair_a1-b1' 'Repair' 'Misrepair_a1-b1' 'Misrepair_a1-b1'
 'Misrepair_a2-b1' 'Misrepair_a1-b1' 'Repair' 'Repair' 'Misrepair_a1-b1'
 'Misrepair_a1-b1' 'Misrepair_a2-b2' 'Repair' 'Misrepair_a2-b1'
 'Misrepair_a2-b1' 'Repair' 'Misrepair_a2-b2' 'Misrepair_a1-b1' 'Repair'
 'Misrepair_a2-b2' 'Repair' 'Misrepair_a1-b1' 'Misrepair_a1-b1' 'Repair'
 'Repair' 'Repair' 'Misrepair_a1-b2' 'Misrepair_a1-b2' 'Misrepair_a1-b2'
 'Misrepair_a1-b1' 'Misrepair_a1-b2' 'Repair']","[ 3.9444  0.3806  9.0998  3.4081  0.1384 10.9509  2.9583  3.7195  4.8959
  1.0207  1.1418  5.5533  4.1866  6.4702  1.3148 12.1965  1.2629  8.7019
  0.1384  0.3114  3.6503  6.1588  1.5051  7.0757  0.4844  0.4498  7.9234
 10.6741 21.3828  1.2629 11.2623  2.1625  1.5051  2.595   0.9688  0.2941
  8.9787  3.2178 13.6324  7.0065  3.1313 10.6741  3.6849 11.9197 27.2821
 26.469   0.6228 16.8848 15.3797 10.9682  0.7439 18.7013  1.0899  8.5462
  6.401  12.3349  5.2419  7.6985 12.7501  8.304 ]",6.713553333333333,1.601119352990749,0.15745255942288247,0.15420607975343173,"Counter({'Repair': 24, 'Misrepair_a1-b1': 15, 'Misrepair_a2-b1': 8, 'Misrepair_a1-b2': 7, 'Misrepair_a2-b2': 6})",0.4,0.12396128427860045,0.0,"[0.64058851 0.2493444  0.35028964 0.38340609 0.43719787 0.09931906
 0.34988193 0.25446482 0.4481032  0.26131687 0.26986777 0.26201889
 0.23016214 0.58675908 0.31518624 0.21900189 0.50051551 0.42616908
 0.23317445 0.50789846 0.40638468 0.18885874 0.277106   0.27533752
 0.33070314 0.25481139 0.32635474 0.23441051 0.92508434 0.52692065
 0.23119484 0.29072429 0.36981512 0.24072999 0.37671336 0.93578938
 0.3197879  0.29861687 0.2349825  0.17909627 0.3534514  0.82679575
 0.45573726 0.16004954 0.06975258 0.08102323 0.35124895 0.31652163
 0.29662057 0.29979521 1.43040588 0.08683406 0.23310913 0.32644584
 0.1735512  0.16156587 0.20126147 0.13409378 0.12981481 0.16516035]",0.34168877680440046
0_7,100,3,0.2,24,True,0.008,60,0.016,0.01,250,12000,0.08032366018766932,20,2,3,60,"['Misrepair_a1-b1' 'Misrepair_a2-b2' 'Misrepair_a1-b1' 'Misrepair_a2-b1'
 'Repair' 'Misrepair_a1-b2' 'Misrepair_a1-b2' 'Repair' 'Misrepair_a2-b1'
 'Misrepair_a2-b1' 'Repair' 'Repair' 'Misrepair_a1-b2' 'Repair' 'Repair'
 'Misrepair_a1-b2' 'Repair' 'Misrepair_a2-b2' 'Misrepair_a2-b1'
 'Misrepair_a2-b1' 'Repair' 'Misrepair_a1-b2' 'Repair' 'Repair' 'Repair'
 'Repair' 'Repair' 'Repair' 'Misrepair_a2-b2' 'Repair' 'Misrepair_a1-b2'
 'Misrepair_a2-b1' 'Repair' 'Misrepair_a2-b1' 'Misrepair_a2-b2'
 'Misrepair_a1-b1' 'Repair' 'Misrepair_a2-b1' 'Repair' 'Repair' 'Repair'
 'Misrepair_a1-b2' 'Misrepair_a1-b1' 'Misrepair_a1-b1' 'Repair'
 'Misrepair_a1-b1' 'Misrepair_a2-b1' 'Repair' 'Repair' 'Misrepair_a2-b2'
 'Repair' 'Repair' 'Repair' 'Misrepair_a2-b2' 'Misrepair_a1-b1' 'Repair'
 'Repair' 'Misrepair_a1-b2' 'Repair' 'Misrepair_a2-b2']","[6.4800e+00 1.2944e+01 2.6080e+00 5.6000e+00 3.0240e+00 1.6864e+01
 7.1520e+00 2.7520e+00 8.4480e+00 1.1200e-01 1.6000e-02 8.2560e+00
 1.6000e+00 1.1952e+01 7.8240e+00 7.6800e+00 7.3600e-01 3.2000e-02
 3.0080e+00 1.0240e+00 7.0400e+00 3.0400e-01 5.9600e+01 2.6880e+00
 5.9200e-01 1.6160e+00 1.6320e+00 3.3600e-01 1.2368e+01 3.3920e+00
 0.0000e+00 1.0240e+00 3.1200e+00 8.0000e-02 2.1440e+00 0.0000e+00
 0.0000e+00 6.2400e-01 7.0400e-01 6.8960e+00 4.8000e-01 1.1344e+01
 5.6480e+00 5.8080e+00 8.4160e+00 1.1552e+01 1.0560e+00 5.8560e+00
 8.7520e+00 7.3600e-01 5.0880e+00 2.1584e+01 5.0400e+00 3.7600e+00
 2.5488e+01 1.6192e+01 2.0640e+00 5.8080e+00 4.0000e+00 9.1200e-01]",6.0309333333333335,2.2361315706831975,0.21031557038916368,0.21779518980733267,"Counter({'Repair': 29, 'Misrepair_a2-b1': 9, 'Misrepair_a1-b2': 8, 'Misrepair_a1-b1': 7, 'Misrepair_a2-b2': 7})",0.48333333333333334,0.1264471489654135,0.0,"[0.24590189 0.07856767 0.4319217  0.21028047 0.39908104 0.19496234
 0.14708871 0.23602055 0.19366547 0.43314008 0.50492884 0.31575301
 0.25977898 0.08128394 0.12305684 0.15999099 0.26413113 0.61957733
 0.68312649 0.8169581  0.16314574 0.21866493 0.12500522 0.71860782
 0.40273363 0.44687573 0.96883063 0.32261139 0.18536226 0.48812916
 1.19459486 0.50073974 0.24641909 0.57477273 0.473223   0.57081079
 0.61152231 0.29743425 0.35397886 1.1247828  0.32452336 0.34937401
 0.24636706 0.34485338 0.16960057 0.13853842 0.18722567 0.199714
 0.39708356 0.65772662 0.52875619 0.09544976 0.12011605 0.49545294
 0.09912111 0.25938071 0.36621338 0.29026932 0.71790627 0.34884698]",0.3787329974724579
0_8,100,3,0.2,27,True,0.008,60,0.015000000000000001,0.01,250,12000,0.07773639294935276,20,2,3,60,"['Misrepair_a2-b1' 'Misrepair_a1-b1' 'Misrepair_a1-b1' 'Repair' 'Repair'
 'Misrepair_a2-b1' 'Misrepair_a1-b1' 'Misrepair_a2-b2' 'Misrepair_a2-b1'
 'Repair' 'Repair' 'Repair' 'Repair' 'Misrepair_a2-b2' 'Repair'
 'Misrepair_a1-b1' 'Repair' 'Repair' 'Misrepair_a1-b2' 'Repair' 'Repair'
 'Misrepair_a1-b2' 'Misrepair_a1-b2' 'Misrepair_a2-b1' 'Repair'
 'Misrepair_a2-b2' 'Misrepair_a1-b2' 'Misrepair_a1-b1' 'Repair' 'Repair'
 'Misrepair_a2-b2' 'Repair' 'Misrepair_a2-b2' 'Misrepair_a1-b1'
 'Misrepair_a1-b2' 'Misrepair_a2-b1' 'Misrepair_a2-b2' 'Misrepair_a1-b2'
 'Repair' 'Misrepair_a1-b1' 'Misrepair_a2-b2' 'Repair' 'Repair'
 'Misrepair_a1-b2' 'Misrepair_a2-b1' 'Misrepair_a2-b2' 'Misrepair_a2-b1'
 'Misrepair_a1-b1' 'Misrepair_a2-b1' 'Repair' 'Misrepair_a1-b2'
 'Misrepair_a2-b2' 'Misrepair_a2-b1' 'Repair' 'Misrepair_a2-b2' 'Repair'
 'Misrepair_a2-b1' 'Repair' 'Misrepair_a1-b1' 'Repair']","[ 3.99   0.45   2.82   1.035  0.615  1.755  1.305  0.     4.32   2.115
 11.19   4.335  3.735  4.23   0.12  25.635  1.215  3.345 10.5    0.195
 18.     8.775  0.135  0.06   0.     8.73   5.31   2.22   4.11   1.32
  1.8    2.655  0.78   7.74   2.295  8.925  5.115  2.52   0.09   2.775
 11.625  0.165  0.945  3.165  2.28   0.375  6.42  11.205 15.09   2.925
  7.77   4.725 12.81   2.415  3.42  36.345 10.26   6.675  7.395  3.795]",5.267750000000001,1.6096585010176332,0.21992073906886497,0.22256701288681693,"Counter({'Repair': 23, 'Misrepair_a2-b1': 10, 'Misrepair_a2-b2': 10, 'Misrepair_a1-b1': 9, 'Misrepair_a1-b2': 8})",0.38333333333333336,0.12302517056518393,0.0,"[0.33406691 0.33339399 0.17677596 0.12025508 0.19701458 0.35909657
 0.94120402 0.32905063 0.41094    0.43055695 0.29134134 0.26094196
 0.32832845 0.29071851 0.77553446 0.06013908 0.5984613  0.32861417
 0.16706175 0.32611283 0.10394926 0.13319354 0.89880877 0.25624405
 0.32930535 0.32981651 0.1396875  0.15295183 0.29793779 0.09557485
 0.3248311  0.37486313 0.34545777 0.05810086 0.47260431 0.21764057
 0.59385703 0.20522205 0.39768089 0.40805166 0.28904502 0.11263728
 0.37515303 0.27394119 0.19322824 0.70832767 0.28261697 0.09451272
 0.1722242  0.10365757 0.12962795 0.54293225 0.11856541 0.35266248
 0.32393896 0.13048346 0.2625689  0.71273702 0.11820262 0.15293081]",0.3107563520310437
1_0,100,3,0.2,3,False,0.008,60,0.047799999999999995,0.01,250,12000,0.13841988477277334,20,2,3,60,"['Repair' 'Misrepair_a2-b2' 'Repair' 'Misrepair_a1-b1' 'Misrepair_a2-b1'
 'Repair' 'Misrepair_a2-b1' 'Repair' 'Repair' 'Repair' 'Misrepair_a2-b1'
 'Repair' 'Repair' 'Repair' 'Repair' 'Repair' 'Repair' 'Repair' 'Repair'
 'Repair' 'Misrepair_a2-b2' 'Misrepair_a2-b1' 'Misrepair_a2-b1' 'Repair'
 'Misrepair_a2-b2' 'Misrepair_a2-b1' 'Misrepair_a1-b1' 'Misrepair_a1-b1'
 'Repair' 'Misrepair_a1-b1' 'Misrepair_a1-b1' 'Misrepair_a2-b2'
 'Misrepair_a1-b2' 'Misrepair_a1-b2' 'Misrepair_a2-b2' 'Misrepair_a2-b1'
 'Repair' 'Misrepair_a1-b1' 'Misrepair_a2-b1' 'Repair' 'Repair'
 'Misrepair_a1-b2' 'Misrepair_a2-b2' 'Repair' 'Repair' 'Repair'
 'Misrepair_a2-b2' 'Misrepair_a2-b1' 'Repair' 'Repair' 'Misrepair_a2-b2'
 'Repair' 'Repair' 'Repair' 'Misrepair_a1-b1' 'Misrepair_a1-b1' 'Repair'
 'Repair' 'Repair' 'Repair']","[4.780000e-02 3.537200e+00 4.732200e+00 6.352620e+01 8.651800e+00
 1.625200e+00 2.013814e+02 2.390000e-01 7.648000e-01 3.149542e+02
 1.577400e+00 3.154800e+00 6.931000e+00 8.843000e+00 7.648000e+01
 2.558734e+02 7.170000e-01 1.094620e+01 2.533400e+00 1.912000e+00
 3.320666e+02 5.736000e-01 3.824000e-01 1.161540e+01 4.110800e+00
 4.875600e+00 3.279080e+01 3.747520e+01 9.082000e-01 1.673000e+00
 4.569680e+01 2.055400e+00 2.246600e+00 2.629000e+00 2.868000e-01
 1.271480e+01 4.015200e+00 1.003800e+00 1.092230e+02 3.107000e+00
 0.000000e+00 0.000000e+00 1.357520e+01 1.852728e+02 7.648000e-01
 1.926340e+01 2.829760e+01 3.824000e-01 8.651800e+00 0.000000e+00
 2.172032e+02 0.000000e+00 4.999880e+01 6.931000e+00 8.317200e+00
 2.944480e+01 3.393800e+00 3.393800e+00 7.648000e-01 2.868000e+00]",35.94002333333332,19.369669442773407,0.17349979452045236,0.1916471151830061,"Counter({'Repair': 32, 'Misrepair_a2-b1': 9, 'Misrepair_a2-b2': 8, 'Misrepair_a1-b1': 8, 'Misrepair_a1-b2': 3})",0.5333333333333333,0.126235992989028,3.05,"[0.33324812 0.68853193 0.99079194 0.55572088 0.60019678 0.85535595
 0.63869579 1.18422109 0.77484935 0.37763872 1.73828363 0.78405611
 0.93924991 1.73782778 1.16202189 0.6849925  0.38870998 1.41586491
 1.0166856  0.70700527 0.76896629 0.27286958 0.78948346 0.37135471
 1.65300991 0.45147902 0.5133997  0.51764847 0.79103534 1.09073969
 1.14656773 0.51225199 1.1623936  1.16429987 2.47094413 0.87214322
 0.64620746 0.59357883 0.37411932 0.53625065 0.51275826 0.8954831
 0.58625415 0.98137802 0.41119665 0.22888529 1.39834907 0.57761758
 0.41041597 0.54278403 0.38386133 1.08171795 1.25562732 1.42167024
 0.67659319 1.02041885 1.87121401 0.63462026 0.69180908 1.12772156]",0.849717783191289
1_1,100,3,0.2,6,False,0.008,60,0.033499999999999995,0.01,250,12000,0.11597505049066571,20,2,3,60,"['Repair' 'Repair' 'Repair' 'Misrepair_a2-b2' 'Misrepair_a1-b2' 'Repair'
 'Repair' 'Misrepair_a2-b2' 'Repair' 'Repair' 'Repair' 'Misrepair_a1-b2'
 'Misrepair_a1-b1' 'Misrepair_a2-b1' 'Repair' 'Repair' 'Repair' 'Repair'
 'Repair' 'Misrepair_a1-b1' 'Repair' 'Misrepair_a1-b2' 'Repair' 'Repair'
 'Misrepair_a2-b1' 'Repair' 'Repair' 'Repair' 'Repair' 'Repair' 'Repair'
 'Repair' 'Repair' 'Repair' 'Misrepair_a1-b2' 'Repair' 'Repair'
 'Misrepair_a2-b2' 'Misrepair_a1-b1' 'Repair' 'Misrepair_a2-b1'
 'Misrepair_a2-b1' 'Misrepair_a2-b1' 'Repair' 'Repair' 'Misrepair_a1-b2'
 'Repair' 'Repair' 'Misrepair_a1-b1' 'Misrepair_a2-b2' 'Misrepair_a2-b2'
 'Repair' 'Misrepair_a1-b2' 'Repair' 'Misrepair_a1-b1' 'Misrepair_a2-b2'
 'Misrepair_a2-b1' 'Repair' 'Repair' 'Repair']","[7.31640e+01 6.39850e+00 1.00500e+00 8.05005e+01 4.00325e+01 0.00000e+00
 3.75200e+00 3.95635e+01 2.57950e+01 1.00500e-01 4.70340e+01 1.43916e+02
 8.37500e-01 0.00000e+00 1.03046e+02 2.11050e+00 0.00000e+00 7.30635e+01
 6.93450e+00 3.88600e+01 0.00000e+00 1.47199e+02 2.24450e+00 2.21100e+00
 2.07700e+00 4.95130e+01 5.79550e+00 1.26630e+01 1.07535e+01 5.86250e+00
 1.17250e+00 1.67500e-01 3.35000e+00 2.74700e+00 1.28975e+01 2.69340e+01
 7.23600e+00 1.18590e+01 3.52755e+01 1.34000e+00 1.40700e+00 9.78200e+01
 2.71350e+00 5.22600e+01 2.71350e+00 1.71855e+01 3.69840e+01 1.42710e+01
 1.67500e-01 3.35000e-01 1.76210e+01 2.49240e+01 3.90610e+01 4.35500e-01
 2.00665e+01 3.04850e+00 1.17250e+00 2.68000e-01 7.03500e-01 2.84750e+00]",22.72360833333333,8.585588451702577,0.07980157768721904,0.08950065968276952,"Counter({'Repair': 37, 'Misrepair_a2-b2': 6, 'Misrepair_a1-b2': 6, 'Misrepair_a2-b1': 6, 'Misrepair_a1-b1': 5})",0.6166666666666667,0.1230251705651839,3.5,"[0.22922057 0.68523071 0.85150899 0.37254169 0.70702765 1.39953227
 0.73629849 0.53131077 0.40852376 0.68602014 0.56437851 0.24563191
 1.31045006 0.44137764 0.14229834 0.74246068 0.38685427 0.67596562
 0.84194323 0.37251888 0.5322214  0.51944333 0.79571271 1.1849498
 1.09342241 0.63299746 1.32547339 0.62116175 0.68849889 0.29495669
 0.73481316 0.6603225  0.43758861 1.34217418 0.70393477 0.84368561
 0.88845007 1.01687445 0.96358617 0.85051974 1.56723866 0.60243588
 0.73688135 1.38703008 1.15446644 0.85452475 0.58054897 0.43512212
 1.4804608  0.46865081 2.85398464 1.02203206 0.71902144 0.7799038
 0.35868927 1.45735635 2.5257441  0.28665233 0.98638462 0.15871543]",0.8146287525034703
1_2,100,3,0.2,9,False,0.008,60,0.027200000000000002,0.01,250,12000,0.10442101312828427,20,2,3,60,"['Repair' 'Misrepair_a1-b1' 'Repair' 'Misrepair_a1-b1' 'Repair' 'Repair'
 'Misrepair_a2-b1' 'Misrepair_a2-b2' 'Misrepair_a1-b2' 'Repair' 'Repair'
 'Repair' 'Repair' 'Repair' 'Repair' 'Repair' 'Repair' 'Misrepair_a2-b1'
 'Misrepair_a2-b2' 'Misrepair_a2-b1' 'Misrepair_a2-b1' 'Repair'
 'Misrepair_a2-b2' 'Repair' 'Misrepair_a2-b1' 'Misrepair_a1-b2' 'Repair'
 'Misrepair_a2-b1' 'Misrepair_a1-b2' 'Misrepair_a2-b1' 'Misrepair_a1-b1'
 'Repair' 'Repair' 'Repair' 'Repair' 'Misrepair_a1-b1' 'Repair'
 'Misrepair_a1-b2' 'Repair' 'Misrepair_a2-b2' 'Repair' 'Repair'
 'Misrepair_a2-b1' 'Misrepair_a1-b2' 'Repair' 'Misrepair_a1-b2'
 'Misrepair_a1-b2' 'Repair' 'Repair' 'Misrepair_a2-b1' 'Repair' 'Repair'
 'Repair' 'Misrepair_a1-b2' 'Repair' 'Repair' 'Misrepair_a1-b2' 'Repair'
 'Misrepair_a2-b1' 'Misrepair_a2-b2']","[2.235840e+01 2.067200e+01 1.259360e+01 5.440000e-02 1.115200e+00
 5.668480e+01 5.276800e+00 3.924960e+01 3.457120e+01 2.309824e+02
 1.360000e-01 1.496000e+00 5.510720e+01 3.128000e+00 5.290400e+01
 9.792000e-01 1.632000e-01 6.174400e+00 2.110720e+01 1.865920e+01
 2.662880e+01 1.294720e+01 5.086400e+00 0.000000e+00 6.473600e+00
 8.140960e+01 1.778880e+01 1.542240e+01 7.093760e+01 2.562240e+01
 2.992000e-01 5.712000e-01 0.000000e+00 4.896000e-01 4.270400e+00
 1.263168e+02 2.929440e+01 1.022720e+01 7.703040e+01 1.806080e+01
 1.101600e+01 2.720000e-02 6.800000e-01 1.044480e+01 0.000000e+00
 3.598560e+01 3.073600e+00 2.426240e+01 5.521600e+00 1.781328e+02
 7.017600e+00 7.806400e+00 1.719040e+01 5.603200e+00 3.176960e+01
 6.337600e+00 3.892320e+01 7.044800e+00 1.989680e+02 8.997760e+01]",29.867866666666664,12.011626506807925,0.057831007206176795,0.06377158586976438,"Counter({'Repair': 32, 'Misrepair_a2-b1': 10, 'Misrepair_a1-b2': 9, 'Misrepair_a2-b2': 5, 'Misrepair_a1-b1': 4})",0.5333333333333333,0.126235992989028,3.85,"[0.28943717 0.30834295 0.28670111 1.0746638  1.7096149  1.19186651
 0.77400684 2.1419771  0.4161384  0.23741568 1.05484732 0.34302785
 0.32948184 1.27892237 0.39835168 0.43702958 0.73984458 0.34385665
 0.5009768  0.54411255 0.64648301 0.45816256 0.51743351 0.24301714
 0.4343522  0.15148948 0.4207989  0.82486903 0.29674448 0.28243414
 0.91553    0.63432819 2.08017995 0.64277441 0.66075114 0.33566405
 2.97097844 0.66963474 0.47452543 0.4663057  0.42983871 0.66135494
 1.03338483 0.45362442 0.73500099 0.91656123 0.46032568 0.28441158
 0.4191212  0.71577455 0.74717269 0.48649399 1.08973681 1.24093074
 0.79665408 1.39918877 0.5842315  0.52755027 0.27625664 0.73494397]",0.7086604963204077
1_3,100,3,0.2,12,False,0.008,60,0.0233,0.01,250,12000,0.09683253245280515,20,2,3,60,"['Repair' 'Repair' 'Repair' 'Repair' 'Repair' 'Repair' 'Misrepair_a2-b2'
 'Repair' 'Repair' 'Misrepair_a1-b1' 'Misrepair_a2-b1' 'Repair' 'Repair'
 'Repair' 'Misrepair_a2-b2' 'Repair' 'Misrepair_a2-b2' 'Misrepair_a2-b2'
 'Repair' 'Repair' 'Misrepair_a2-b1' 'Misrepair_a1-b2' 'Repair'
 'Misrepair_a1-b2' 'Misrepair_a1-b2' 'Repair' 'Repair' 'Repair'
 'Misrepair_a1-b2' 'Misrepair_a2-b2' 'Misrepair_a1-b1' 'Misrepair_a1-b1'
 'Repair' 'Misrepair_a1-b1' 'Misrepair_a2-b1' 'Misrepair_a1-b2'
 'Misrepair_a1-b2' 'Repair' 'Repair' 'Misrepair_a2-b2' 'Repair' 'Repair'
 'Misrepair_a2-b1' 'Misrepair_a2-b2' 'Misrepair_a2-b2' 'Misrepair_a1-b2'
 'Repair' 'Misrepair_a1-b1' 'Misrepair_a1-b2' 'Misrepair_a2-b1' 'Repair'
 'Repair' 'Repair' 'Repair' 'Repair' 'Misrepair_a2-b2' 'Misrepair_a2-b2'
 'Repair' 'Misrepair_a2-b2' 'Repair']","[1.29781e+01 6.16984e+01 8.31810e+00 1.76847e+01 9.42485e+01 7.29290e+00
 3.23870e+00 5.10270e+00 6.26770e+00 1.49120e+00 1.33276e+01 2.16690e+00
 0.00000e+00 1.24888e+01 3.05230e+00 1.98982e+01 3.78392e+01 1.27451e+01
 9.70212e+01 1.43994e+01 1.22325e+01 6.99000e-02 9.78600e+00 8.37635e+01
 2.88920e+00 3.28064e+01 6.99000e-01 3.93770e+00 2.60028e+01 9.49941e+01
 0.00000e+00 1.53314e+01 2.84260e+00 2.10865e+01 9.62290e+00 4.52020e+00
 7.08320e+00 0.00000e+00 6.13256e+01 8.80274e+01 8.30878e+01 1.81740e+00
 7.92200e-01 5.47550e+00 2.20185e+01 1.19529e+02 1.35373e+01 7.52823e+01
 1.42829e+01 2.76571e+01 1.39800e+00 2.56300e-01 1.33742e+01 4.66000e-02
 4.66000e-02 4.12177e+01 1.57042e+01 2.33000e-02 2.37660e+01 1.93390e+00]",22.82545666666667,7.710736128524659,0.0672213489050161,0.07489470828326959,"Counter({'Repair': 31, 'Misrepair_a2-b2': 11, 'Misrepair_a1-b2': 8, 'Misrepair_a1-b1': 5, 'Misrepair_a2-b1': 5})",0.5166666666666667,0.1264471489654135,4.183333333333334,"[0.8800416  0.4564061  0.56576304 0.26738071 0.20256633 0.39311055
 1.38847644 0.706866   0.51557341 0.3571123  0.69449855 0.20919819
 0.3928867  0.41032829 0.46919583 0.87979102 1.85557487 0.37675623
 0.49260962 0.32115715 0.74062107 0.46961099 0.4969959  0.31747941
 1.67533143 0.19753791 1.63439398 0.53911051 0.35863094 0.19409831
 0.63699642 1.13214226 0.32408874 0.41091888 0.35216821 0.59250031
 0.62749271 0.89460626 0.30057487 0.17012116 0.15414353 0.77735909
 0.95890875 0.50876901 0.34120115 0.17280313 0.22051655 0.50447699
 0.57026128 1.00341607 0.89819692 0.50674979 0.97386379 0.3237848
 0.61316134 0.56860228 1.03824893 0.99517927 0.44146743 0.46110014]",0.5988820574726985
1_4,100,3,0.2,15,False,0.008,60,0.0207,0.01,250,12000,0.09126056915128658,20,2,3,60,"['Misrepair_a1-b2' 'Misrepair_a1-b2' 'Misrepair_a2-b1' 'Misrepair_a2-b1'
 'Repair' 'Repair' 'Repair' 'Repair' 'Repair' 'Repair' 'Repair' 'Repair'
 'Repair' 'Misrepair_a2-b2' 'Misrepair_a2-b1' 'Repair' 'Repair'
 'Misrepair_a1-b1' 'Misrepair_a1-b1' 'Misrepair_a1-b1' 'Misrepair_a1-b1'
 'Repair' 'Repair' 'Misrepair_a1-b2' 'Misrepair_a2-b2' 'Misrepair_a1-b2'
 'Repair' 'Misrepair_a2-b1' 'Repair' 'Misrepair_a1-b1' 'Repair'
 'Misrepair_a2-b1' 'Misrepair_a1-b2' 'Misrepair_a1-b2' 'Repair' 'Repair'
 'Repair' 'Repair' 'Repair' 'Repair' 'Repair' 'Misrepair_a1-b2' 'Repair'
 'Misrepair_a1-b2' 'Misrepair_a1-b1' 'Misrepair_a2-b1' 'Misrepair_a1-b2'
 'Repair' 'Misrepair_a2-b1' 'Misrepair_a1-b2' 'Misrepair_a1-b1'
 'Misrepair_a1-b1' 'Misrepair_a1-b2' 'Repair' 'Misrepair_a1-b1' 'Repair'
 'Repair' 'Repair' 'Misrepair_a1-b1' 'Misrepair_a2-b2']","[ 1.9044 15.4422 18.9198  6.5205 37.3635 16.6842  0.4347  0.1863 18.9405
  5.6304  2.4426  0.1242 29.7873 14.4693 63.3006 59.8437  9.3978  9.729
  7.8453 70.1937 28.5246 14.8419  2.8152 10.5777 22.0248 10.764   3.8502
  7.1622 74.0646  1.7181  5.2992  7.866   2.5668  6.6861  9.0666 14.3865
  2.9601  7.452   4.4298  5.9409 20.6586 10.143   1.1178 11.8611 30.2841
 14.2623  0.8694  2.3184  6.2307 47.0511 50.3838 53.6958 42.3315  2.0286
 53.7579  0.1656  3.9744  0.2898  2.1114  0.2898]",16.43304,4.889703471535957,0.0936567569584677,0.10388265877032182,"Counter({'Repair': 29, 'Misrepair_a1-b2': 11, 'Misrepair_a1-b1': 10, 'Misrepair_a2-b1': 7, 'Misrepair_a2-b2': 3})",0.48333333333333334,0.1264471489654135,4.183333333333334,"[1.08076651 0.42268264 0.15145008 0.79561297 0.34713269 0.23906876
 0.38153057 0.5149644  0.5105605  0.54470111 0.79163989 0.47736845
 0.10996458 0.99606455 0.30775099 0.18992935 0.43970457 0.49227891
 0.21932292 0.22049621 0.32545689 0.18712459 0.34400968 0.3638744
 0.39478368 0.30895939 0.70224989 0.16053381 0.14216144 0.99146816
 0.58378732 0.52727336 1.43346933 0.73905619 0.70014693 0.4012615
 0.29430252 0.30078745 0.44445492 0.42507202 0.33594185 0.37234021
 0.37267744 0.20793124 0.58634244 0.70805933 0.9207159  0.17085836
 0.40492194 0.14898654 0.16791745 0.21675998 0.18128312 0.68735653
 0.24437456 0.89013546 0.96336263 0.82854644 0.26853431 0.60800463]",0.47147124140045743
1_5,100,3,0.2,18,False,0.008,60,0.0188,0.01,250,12000,0.08689563816719681,20,2,3,60,"['Misrepair_a2-b2' 'Misrepair_a1-b1' 'Misrepair_a1-b2' 'Repair' 'Repair'
 'Misrepair_a1-b1' 'Repair' 'Repair' 'Misrepair_a2-b2' 'Repair'
 'Misrepair_a1-b1' 'Misrepair_a1-b2' 'Repair' 'Repair' 'Misrepair_a2-b2'
 'Repair' 'Misrepair_a1-b1' 'Misrepair_a1-b2' 'Misrepair_a1-b1'
 'Misrepair_a2-b2' 'Misrepair_a1-b1' 'Misrepair_a1-b1' 'Repair' 'Repair'
 'Misrepair_a1-b2' 'Repair' 'Repair' 'Misrepair_a2-b1' 'Misrepair_a1-b2'
 'Repair' 'Misrepair_a2-b1' 'Misrepair_a1-b2' 'Misrepair_a1-b1' 'Repair'
 'Misrepair_a1-b2' 'Repair' 'Misrepair_a2-b2' 'Misrepair_a2-b1'
 'Misrepair_a1-b1' 'Misrepair_a1-b1' 'Repair' 'Misrepair_a2-b1' 'Repair'
 'Misrepair_a2-b1' 'Repair' 'Misrepair_a1-b2' 'Misrepair_a2-b1' 'Repair'
 'Repair' 'Misrepair_a1-b2' 'Misrepair_a1-b2' 'Repair' 'Misrepair_a2-b2'
 'Misrepair_a1-b2' 'Misrepair_a2-b1' 'Misrepair_a1-b1' 'Repair' 'Repair'
 'Misrepair_a2-b1' 'Misrepair_a1-b1']","[3.17720e+00 1.50400e-01 1.29532e+01 1.04716e+01 2.11500e+01 1.14680e+00
 5.82800e-01 2.25600e-01 0.00000e+00 1.40436e+01 5.14556e+01 2.42520e+00
 7.52000e-01 4.88800e-01 1.94016e+01 9.40000e-01 3.02680e+00 0.00000e+00
 3.08320e+01 1.57920e+00 2.50040e+00 1.59800e+00 2.65268e+01 3.61900e+01
 7.42600e+00 9.71960e+00 2.72600e+00 3.17720e+01 1.72396e+01 1.14680e+00
 6.50480e+00 4.35972e+01 3.39716e+01 1.78600e+00 2.89520e+00 1.37240e+01
 3.01176e+01 1.78600e+01 5.17000e+00 1.55476e+01 3.61148e+01 7.99752e+01
 0.00000e+00 6.63640e+00 3.76000e-02 8.49760e+00 1.29720e+00 2.82000e-01
 5.26400e-01 3.00800e-01 1.02648e+01 7.52000e-02 2.59440e+01 8.27200e-01
 1.27652e+01 3.30880e+00 2.42520e+00 6.76800e+00 7.80764e+01 2.20712e+01]",12.983593333333335,4.442973658180854,0.11883372386763957,0.13339740119966817,"Counter({'Repair': 23, 'Misrepair_a1-b1': 12, 'Misrepair_a1-b2': 11, 'Misrepair_a2-b1': 8, 'Misrepair_a2-b2': 6})",0.38333333333333336,0.12302517056518393,4.45,"[0.49314984 0.24045957 0.10931983 0.19275737 0.20833242 0.45379388
 0.26832087 0.2893451  0.66294414 0.92029119 0.17149115 0.3085229
 0.37162319 0.38567043 0.11653543 0.39927339 0.74835666 0.55016863
 0.13995804 0.67219551 1.16620514 0.30953981 0.36364466 0.12806995
 0.53433169 0.15220153 0.18693513 0.30892726 0.44519762 0.4286069
 0.75651073 0.5959325  0.16564929 0.34321263 0.35055618 0.50011791
 0.11627357 0.24740351 0.30588931 0.33257531 0.40160207 0.12750895
 0.4360501  0.51421128 0.61432989 0.22339785 0.24872989 0.50922113
 0.71524436 1.29837755 0.28594481 1.15881799 0.78381406 0.40210044
 0.23259653 0.64590897 0.39826317 0.75714469 0.39814464 0.18283492]",0.4295755574447326
1_6,100,3,0.2,21,False,0.008,60,0.0173,0.01,250,12000,0.08332811614066489,20,2,3,60,"['Repair' 'Misrepair_a1-b2' 'Misrepair_a2-b1' 'Repair' 'Repair' 'Repair'
 'Repair' 'Misrepair_a1-b1' 'Repair' 'Misrepair_a2-b1' 'Misrepair_a1-b2'
 'Misrepair_a1-b2' 'Repair' 'Repair' 'Misrepair_a2-b2' 'Repair'
 'Misrepair_a1-b2' 'Repair' 'Misrepair_a2-b1' 'Misrepair_a1-b1'
 'Misrepair_a1-b1' 'Misrepair_a1-b1' 'Repair' 'Repair' 'Misrepair_a1-b2'
 'Repair' 'Repair' 'Misrepair_a1-b2' 'Repair' 'Repair' 'Repair'
 'Misrepair_a2-b2' 'Misrepair_a2-b2' 'Misrepair_a1-b1' 'Misrepair_a1-b1'
 'Misrepair_a1-b1' 'Repair' 'Repair' 'Misrepair_a1-b1' 'Repair'
 'Misrepair_a2-b1' 'Misrepair_a1-b1' 'Misrepair_a2-b1' 'Repair' 'Repair'
 'Repair' 'Misrepair_a1-b2' 'Misrepair_a2-b2' 'Repair' 'Misrepair_a1-b1'
 'Misrepair_a2-b1' 'Repair' 'Misrepair_a2-b1' 'Misrepair_a1-b2'
 'Misrepair_a1-b2' 'Misrepair_a2-b2' 'Repair' 'Repair' 'Misrepair_a1-b1'
 'Repair']","[  0.4152  11.418    4.1693   5.2073  38.3022  66.0168  12.975   17.4903
   3.3389  41.3124  27.334   18.2169   7.9234   0.6747  12.0754   3.6676
  12.5252   0.       6.6951  59.685  118.6434   2.6469   1.7819   8.5981
  11.3315  20.7773   3.5984  16.1582   4.6191   0.2249   9.8783 120.927
   8.7192  48.4919  59.2525   0.       4.7056   1.2456  18.5802   8.304
  17.9055  20.5697  54.2701  23.9086   2.8545  19.2376  55.3427   8.4597
   0.3114   3.4773  12.802    8.5808   2.7507  55.3081  29.0813  36.4684
  27.2648  44.807    6.9719  21.4174]",21.16193666666667,6.4532008102404355,0.060815025621857276,0.06484983419814672,"Counter({'Repair': 28, 'Misrepair_a1-b1': 11, 'Misrepair_a1-b2': 9, 'Misrepair_a2-b1': 7, 'Misrepair_a2-b2': 5})",0.4666666666666667,0.126235992989028,4.65,"[0.41873088 0.18823141 0.38630378 0.24825959 0.17792822 0.22131146
 0.34822438 0.46552323 0.21265495 0.10334188 0.24175906 0.26241509
 0.90473594 0.46469323 0.27440335 0.17052625 0.47410815 0.5037817
 0.35588126 0.2397369  0.2316113  0.59507032 0.30767845 0.20703616
 0.44284039 0.20525399 0.3362213  0.20322488 0.55049235 0.17112144
 0.30684974 0.22418294 0.15479788 0.2220506  0.11843586 0.23200861
 0.3821706  0.2602754  0.1997541  0.53556206 0.45341026 0.51803715
 0.20047645 0.22008072 0.47602266 0.18497091 0.27449668 0.37059931
 0.59178023 0.71408502 0.13092199 0.68840776 0.51507025 0.47914528
 0.16836011 0.08975645 0.13298874 0.14176508 0.22126912 0.34612374]",0.32444928319269034
1_7,100,3,0.2,24,False,0.008,60,0.016,0.01,250,12000,0.08032366018766932,20,2,3,60,"['Repair' 'Repair' 'Misrepair_a2-b2' 'Misrepair_a1-b2' 'Misrepair_a1-b1'
 'Misrepair_a2-b2' 'Misrepair_a2-b2' 'Repair' 'Repair' 'Repair'
 'Misrepair_a1-b2' 'Repair' 'Misrepair_a1-b1' 'Misrepair_a2-b1' 'Repair'
 'Misrepair_a2-b1' 'Misrepair_a2-b2' 'Misrepair_a2-b2' 'Misrepair_a1-b1'
 'Misrepair_a1-b1' 'Repair' 'Repair' 'Repair' 'Misrepair_a1-b2' 'Repair'
 'Misrepair_a1-b2' 'Misrepair_a1-b1' 'Repair' 'Misrepair_a2-b1' 'Repair'
 'Misrepair_a1-b2' 'Misrepair_a2-b1' 'Misrepair_a1-b2' 'Misrepair_a1-b1'
 'Misrepair_a2-b1' 'Misrepair_a1-b1' 'Repair' 'Misrepair_a2-b1'
 'Misrepair_a1-b1' 'Misrepair_a1-b2' 'Repair' 'Misrepair_a2-b1'
 'Misrepair_a2-b2' 'Repair' 'Misrepair_a2-b2' 'Repair' 'Repair' 'Repair'
 'Repair' 'Misrepair_a2-b2' 'Repair' 'Misrepair_a1-b1' 'Repair'
 'Misrepair_a2-b2' 'Misrepair_a1-b1' 'Repair' 'Misrepair_a2-b1'
 'Misrepair_a2-b1' 'Misrepair_a1-b2' 'Misrepair_a1-b2']","[1.54560e+01 3.70560e+01 0.00000e+00 5.82400e+01 1.19360e+01 8.06240e+01
 1.92480e+01 1.10400e+01 5.92000e-01 7.18400e+00 2.23520e+01 3.47200e+00
 3.54880e+01 7.23200e+00 7.80800e+00 1.13440e+01 1.83152e+02 9.48800e+00
 7.36000e-01 3.43360e+01 1.87200e+00 7.16800e+00 4.32000e-01 0.00000e+00
 1.44000e-01 9.98400e+00 4.71840e+01 2.99200e+00 2.73600e+01 2.77760e+01
 2.67840e+01 3.58400e+00 3.04160e+01 1.26720e+02 2.65600e+00 3.86240e+01
 1.95840e+01 9.50400e+00 1.83840e+01 4.72000e+00 2.22400e+00 2.16320e+01
 5.23200e+00 9.74400e+00 6.16000e+00 3.58080e+01 3.59040e+01 9.60000e-02
 6.56000e+00 6.54400e+00 2.58880e+01 5.61600e+00 2.11040e+01 2.44000e+01
 6.08000e+00 8.00000e-02 3.76000e+00 1.72800e+01 8.64000e+00 2.12960e+01]",20.445333333333338,7.577297775161724,0.06892678513080898,0.07329358551079442,"Counter({'Repair': 23, 'Misrepair_a1-b1': 10, 'Misrepair_a2-b2': 9, 'Misrepair_a1-b2': 9, 'Misrepair_a2-b1': 9})",0.38333333333333336,0.12302517056518393,5.066666666666666,"[0.23489693 0.09759421 0.43286213 0.10878895 0.86877173 0.09522942
 0.26395971 0.32161652 0.53930566 0.35274425 0.25934897 0.50948018
 0.16797763 0.32957037 0.22925971 0.11033872 0.08416397 0.42617867
 0.36844476 0.31898545 0.71829011 0.19237493 0.48057433 0.69021393
 0.39626596 0.2433173  0.06973111 0.23737108 0.43595873 0.1076481
 0.25088445 0.17371038 0.49203622 0.10027499 0.4712337  0.13096568
 0.11419918 0.68130512 0.17484392 0.38737241 0.26248629 0.13185743
 0.31473047 0.25116001 0.46319468 0.14484853 0.2880626  1.39328105
 0.87475055 0.46812456 0.35752961 0.24227185 0.33381827 0.12181697
 0.42869196 1.68180499 0.22554488 0.23265476 0.46956447 0.13052555]",0.35808015097409635
1_8,100,3,0.2,27,False,0.008,60,0.015000000000000001,0.01,250,12000,0.07773639294935276,20,2,3,60,"['Repair' 'Misrepair_a2-b2' 'Repair' 'Repair' 'Misrepair_a2-b1' 'Repair'
 'Repair' 'Misrepair_a2-b1' 'Repair' 'Misrepair_a1-b2' 'Repair' 'Repair'
 'Misrepair_a2-b2' 'Repair' 'Repair' 'Repair' 'Misrepair_a1-b2'
 'Misrepair_a2-b1' 'Misrepair_a1-b2' 'Misrepair_a1-b1' 'Misrepair_a2-b2'
 'Repair' 'Misrepair_a2-b2' 'Repair' 'Repair' 'Misrepair_a1-b2'
 'Misrepair_a2-b2' 'Repair' 'Repair' 'Misrepair_a1-b2' 'Misrepair_a2-b1'
 'Misrepair_a2-b2' 'Misrepair_a1-b2' 'Misrepair_a1-b1' 'Repair'
 'Misrepair_a2-b1' 'Misrepair_a1-b1' 'Repair' 'Repair' 'Misrepair_a2-b1'
 'Misrepair_a2-b1' 'Misrepair_a2-b1' 'Repair' 'Misrepair_a2-b2' 'Repair'
 'Misrepair_a1-b2' 'Misrepair_a1-b2' 'Misrepair_a1-b2' 'Misrepair_a2-b2'
 'Misrepair_a1-b2' 'Repair' 'Misrepair_a1-b2' 'Misrepair_a2-b2'
 'Misrepair_a1-b1' 'Repair' 'Misrepair_a1-b1' 'Repair' 'Misrepair_a2-b2'
 'Misrepair_a2-b2' 'Repair']","[5.4750e+00 3.2850e+00 5.1000e-01 1.0275e+01 5.4855e+01 2.7000e+00
 7.3050e+00 1.3665e+01 3.0000e-01 1.9980e+01 4.7805e+01 1.3740e+01
 6.8700e+00 0.0000e+00 9.5550e+00 1.3500e-01 1.0905e+01 6.5550e+00
 4.2645e+01 3.6600e+00 7.8180e+01 1.1385e+01 2.3250e+00 6.4500e-01
 6.6900e+00 9.5700e+00 2.8020e+01 1.7550e+01 4.3500e-01 3.9600e+00
 4.5000e-01 1.5000e-02 2.0235e+01 1.8000e-01 4.9350e+00 1.6815e+01
 3.5250e+00 2.1675e+01 4.2000e-01 1.5675e+01 1.3155e+01 9.0000e-01
 1.5000e-02 1.0365e+01 1.4400e+00 2.9715e+01 2.5500e-01 4.4250e+00
 2.1990e+01 2.2965e+01 4.9050e+00 0.0000e+00 3.4710e+01 5.3400e+00
 8.6085e+01 1.8165e+01 1.1415e+01 1.3485e+01 1.0110e+01 3.5100e+00]",13.26425,4.43254265917637,0.10126649389420118,0.10696337562335459,"Counter({'Repair': 25, 'Misrepair_a2-b2': 11, 'Misrepair_a1-b2': 11, 'Misrepair_a2-b1': 8, 'Misrepair_a1-b1': 5})",0.4166666666666667,0.12474789391824231,5.0,"[0.23226035 0.21011986 0.98554853 0.21786113 0.22421884 0.44905617
 0.35301751 0.27780857 0.68128231 0.19992926 0.12090049 0.1401326
 0.63759039 1.36983585 0.13635392 0.42380775 0.19552523 0.24805773
 0.39343403 0.25373681 0.35368329 0.13465849 0.56769652 0.72181159
 0.21669565 0.14600246 0.28177514 0.17122025 0.38481986 0.36709388
 0.30963296 0.7918229  0.23082311 0.28941368 0.35686902 0.13416749
 0.29792874 0.06432366 0.2994832  0.10492002 0.45904969 0.15710918
 0.52414847 0.15946656 0.53347585 1.3037333  0.25566796 0.22114945
 0.09426814 0.26833983 0.26319288 0.33549014 0.38433478 0.50395056
 0.14518436 0.08153874 0.08453813 0.25946621 0.27541606 0.15934792]",0.3407364577035938
