experimentSetID,numMonomers,dim,b,Nc,keepCL,diffusionConstant,numRealisations,dt,dt_relax,excludedVolumeCutOff,waitingSteps,numMaxSteps,encounterDistance,genomicDistance,Nb,selectedSubDomain,iterationsNumber,events,FETs,eventsCounter,repair_probability,repair_CIhalflength,MSRG_atEncounter
0,100,3,0.2,15,True,0.008,200,0.01,0.01,0.2,200,1000,0.1,2,2,0,200,"['Misrepair', 'Misrepair', 'Misrepair', 'Misrepair', 'Misrepair', 'Misrepair', 'Misrepair', 'Repair', 'Misrepair', 'Repair', 'Misrepair', 'Misrepair', 'Misrepair', 'Repair', 'Misrepair', 'Misrepair', 'Misrepair', 'Misrepair', 'Misrepair', 'Misrepair', 'Misrepair', 'Misrepair', 'Misrepair', 'Misrepair', 'Repair', 'Misrepair', 'Misrepair', 'Misrepair', 'Misrepair', 'Misrepair', 'Misrepair', 'Misrepair', 'Misrepair', 'Misrepair', 'Misrepair', 'Misrepair', 'Misrepair', 'Misrepair', 'Repair', 'Misrepair', 'Misrepair', 'Misrepair', 'Repair', 'Misrepair', 'Misrepair', 'Misrepair', 'Misrepair', 'Repair', 'Misrepair', 'Misrepair', 'Misrepair', 'Misrepair', 'Repair', 'Misrepair', 'Misrepair', 'Misrepair', 'Misrepair', 'Misrepair', 'Misrepair', 'Misrepair', 'Misrepair', 'Repair', 'Misrepair', 'Misrepair', 'Misrepair', 'Repair', 'Misrepair', 'Repair', 'Misrepair', 'Repair', 'Misrepair', 'Misrepair', 'Repair', 'Misrepair', 'Misrepair', 'Misrepair', 'Misrepair', 'Misrepair', 'Misrepair', 'Repair', 'Repair', 'Misrepair', 'Misrepair', 'Misrepair', 'Misrepair', 'Misrepair', 'Repair', 'Misrepair', 'Misrepair', 'Misrepair', 'Misrepair', 'Misrepair', 'Misrepair', 'Repair', 'Misrepair', 'Repair', 'Misrepair', 'Misrepair', 'Misrepair', 'Misrepair', 'Misrepair', 'Misrepair', 'Misrepair', 'Repair', 'Misrepair', 'Repair', 'Misrepair', 'Misrepair', 'Misrepair', 'Misrepair', 'Misrepair', 'Repair', 'Misrepair', 'Misrepair', 'Repair', 'Misrepair', 'Misrepair', 'Misrepair', 'Misrepair', 'Repair']","[2.03 0.25 0.85 2.14 6.77 0.   3.21 4.61 0.27 6.29 2.71 7.46 0.   6.4
 7.22 2.18 8.85 4.76 1.26 7.5  1.73 8.98 4.56 6.92 0.13 0.06 9.16 5.54
 7.65 2.31 9.85 1.04 7.68 1.39 5.74 1.24 0.48 7.37 0.1  0.15 3.56 5.36
 3.98 0.47 5.32 2.06 2.98 2.77 7.93 8.22 6.28 1.91 7.17 4.78 7.91 4.89
 2.9  0.76 9.31 1.21 5.33 7.01 0.03 2.44 4.74 2.06 6.03 6.41 8.07 4.05
 1.92 2.75 1.88 7.63 7.08 0.6  5.68 0.84 1.61 5.22 4.7  0.06 1.45 5.36
 1.37 1.03 0.77 4.52 1.99 5.87 0.08 1.84 6.1  2.33 2.3  0.93 5.39 0.
 1.03 5.02 1.26 1.03 4.07 1.11 1.49 0.63 2.66 0.09 0.52 2.9  0.72 8.05
 2.7  1.92 1.52 0.22 3.9  6.28 2.57 2.74]","Counter({'Misrepair': 97, 'Repair': 23})",0.19166666666666668,0.0704261564940081,"[0.21509966986423928, 0.33412562327546624, 0.8079257350033865, 1.3958871672389044, 0.41526708625871256, 0.41630372001581334, 0.6072637896918726, 0.22739994878453348, 0.5190872552207364, 1.3598194145245492, 0.960696785395604, 0.5395588008485418, 0.4992894480484075, 0.40770568166914617, 1.47044479070168, 0.20113448480714602, 0.48998298085907444, 0.7911049992036493, 0.6361630845597063, 0.3776485189988323, 0.41238095950075454, 0.5104378511088623, 0.3802628896491999, 0.49843359438134077, 0.20578531378337536, 0.8446572415055104, 0.3084727501215037, 0.4326479852302896, 0.22346042940837316, 0.3378000905454027, 0.29436185648341134, 0.6885060223285542, 0.22157752174546744, 1.1612444630655796, 1.4272991423427444, 0.6151864393012298, 0.6982803238633273, 0.22941827699486242, 0.5110444638092186, 0.4605161590932465, 0.48620555674074106, 0.8229861241418464, 0.6481756559871624, 1.7861697232001368, 0.24382996066309154, 0.33901784093878745, 0.401374432039567, 0.40402940049577424, 0.3006820619547137, 0.32318650556003914, 0.8548263338738374, 1.6224037827751698, 0.38376837270081937, 0.40490135026712054, 0.5885434951728973, 0.43867442706961685, 0.5154073919419305, 1.082277633254775, 0.259253007367407, 1.1320135303883643, 0.6830186188388688, 0.6792734011026758, 0.5142671370601514, 0.32910082001795277, 0.4309786839786185, 0.6236763752426734, 1.8320078360530536, 0.12575154201961677, 0.28689530527891377, 0.28721277774986786, 0.30914816514243526, 0.7921306203782542, 1.013466589125255, 1.028456973045082, 0.1745532002836815, 0.6585293933500951, 0.6317445920622338, 0.52347624242231, 0.8929525182623448, 0.5458013296147753, 1.2855662726400203, 0.7523667892093734, 0.7831052106912186, 0.22929890351201937, 0.5209797599468019, 0.34847383711941116, 1.2996236243658037, 0.3388256958425256, 0.4085522944349104, 0.2503552916840897, 1.5044209405322362, 1.2728378944894692, 0.4483300456980057, 0.666393154060749, 0.2596463082308988, 0.8645243102265848, 0.8052308365803542, 0.8289718328152419, 0.3765729671043261, 0.31821298284177657, 1.9282125740626699, 1.443606238994292, 0.4708206743935575, 0.6240947088930059, 0.46262758965904605, 0.20378880331368784, 0.771475005495295, 0.6062326997354233, 0.7252191012310906, 0.5850151579735583, 0.334340908054525, 0.7305812129185878, 0.2447256771134011, 0.5588370205953597, 0.18776285198694592, 0.4867801813871718, 1.0459195643705692, 0.2703633606653639, 0.8499448234432034, 1.307770288630683]"
0,100,3,0.2,15,True,0.008,200,0.01,0.01,0.2,200,1000,0.1,4,2,0,200,"['Misrepair', 'Misrepair', 'Misrepair', 'Repair', 'Misrepair', 'Misrepair', 'Misrepair', 'Repair', 'Misrepair', 'Misrepair', 'Repair', 'Misrepair', 'Misrepair', 'Repair', 'Misrepair', 'Repair', 'Misrepair', 'Misrepair', 'Misrepair', 'Repair', 'Misrepair', 'Misrepair', 'Misrepair', 'Misrepair', 'Misrepair', 'Misrepair', 'Misrepair', 'Repair', 'Misrepair', 'Misrepair', 'Misrepair', 'Repair', 'Misrepair', 'Misrepair', 'Misrepair', 'Misrepair', 'Misrepair', 'Misrepair', 'Repair', 'Repair', 'Misrepair', 'Misrepair', 'Repair', 'Repair', 'Repair', 'Repair', 'Repair', 'Misrepair', 'Misrepair', 'Misrepair', 'Repair', 'Misrepair', 'Misrepair', 'Repair', 'Repair', 'Misrepair', 'Repair', 'Misrepair', 'Misrepair', 'Repair', 'Misrepair', 'Misrepair', 'Repair', 'Misrepair', 'Misrepair', 'Repair', 'Misrepair', 'Repair', 'Misrepair', 'Misrepair', 'Misrepair', 'Misrepair', 'Misrepair', 'Repair']","[1.52 1.73 8.11 0.03 5.2  2.76 1.53 0.63 1.91 0.86 6.81 5.96 8.46 0.48
 4.82 1.6  2.33 2.22 9.83 3.45 5.72 6.61 8.18 3.88 5.98 9.1  0.86 0.94
 1.45 3.72 6.31 8.73 0.   6.   0.12 7.59 0.42 6.34 1.01 0.16 7.55 5.51
 0.4  1.32 4.87 5.16 5.98 6.3  0.1  1.84 0.59 2.13 1.18 2.56 0.05 0.08
 0.   1.16 7.97 6.54 0.5  3.64 2.17 6.38 9.02 1.47 4.58 4.8  0.46 6.67
 3.   5.91 2.29 0.98]","Counter({'Misrepair': 50, 'Repair': 24})",0.32432432432432434,0.10665939472049901,"[0.5772604152568909, 0.572144449212848, 0.6937422073946498, 1.080408034380058, 1.7568546370785196, 0.8241532027013782, 0.5255328170317844, 0.7600401289881026, 0.7343187986293167, 0.6311722186439428, 1.5133647850166625, 0.2895858584984527, 0.4151742555735713, 3.6025926264644546, 0.3095409211716121, 0.536000310094205, 0.2886707568684217, 0.8582491156447984, 0.7457558476320524, 0.3850182618388228, 0.47195395913038074, 0.2306452598966591, 0.3016338599876995, 0.49574682492549954, 0.41693756053504855, 0.6389081054278142, 0.5101738784645953, 2.6441638237243668, 0.27604374909816404, 0.3617464584824574, 0.6293065637316342, 0.19280362641809987, 0.4058699296656856, 0.2376053445892301, 0.4964303999833543, 0.235527254212338, 0.5499709982713583, 0.6540253103349875, 0.4820576975680588, 0.467328282696028, 0.37789591666758454, 0.19392368700455034, 0.29077472438675633, 0.6428634279722911, 1.0896732799609266, 0.2603772033958985, 1.2648991947578927, 0.38740805086489266, 0.2922988137787149, 0.46784417140717977, 2.5619825387819293, 0.48663413616101436, 0.3281505147090568, 0.4836922770427241, 0.4169463061748906, 0.34146756946560025, 1.3700518363599412, 0.7891619911657516, 0.35864112887273514, 0.6829494588319759, 0.2438905304640338, 0.6521622273426005, 0.5450007166458531, 0.5350195287424385, 0.5223297454246771, 0.6669259897235675, 0.5145506050348743, 0.4841077920961818, 0.26382460880148834, 1.615141912187391, 0.9340009483576691, 0.2891539459838902, 0.7485441915261064, 0.1711765756379414]"
0,100,3,0.2,15,True,0.008,200,0.01,0.01,0.2,200,1000,0.1,6,2,0,200,"['Misrepair', 'Repair', 'Repair', 'Repair', 'Repair', 'Misrepair', 'Misrepair', 'Repair', 'Repair', 'Repair', 'Misrepair', 'Repair', 'Misrepair', 'Misrepair', 'Repair', 'Misrepair', 'Misrepair', 'Repair', 'Misrepair', 'Misrepair', 'Repair', 'Repair', 'Repair', 'Misrepair', 'Misrepair', 'Repair', 'Misrepair', 'Repair', 'Repair', 'Repair', 'Misrepair', 'Misrepair', 'Repair', 'Repair', 'Repair', 'Repair', 'Repair', 'Misrepair', 'Misrepair', 'Misrepair', 'Misrepair', 'Misrepair', 'Misrepair', 'Repair', 'Misrepair', 'Repair', 'Misrepair', 'Misrepair', 'Misrepair', 'Repair', 'Misrepair', 'Repair', 'Misrepair', 'Misrepair', 'Repair', 'Misrepair', 'Misrepair', 'Misrepair', 'Misrepair', 'Misrepair', 'Repair', 'Misrepair', 'Misrepair', 'Repair', 'Repair', 'Misrepair', 'Repair', 'Misrepair', 'Misrepair', 'Misrepair', 'Repair', 'Misrepair', 'Repair', 'Repair', 'Misrepair']","[0.01 2.5  0.96 7.03 4.32 2.16 0.66 2.84 2.76 0.85 8.65 3.82 9.74 2.71
 4.79 0.36 6.75 4.52 1.77 7.83 8.34 3.68 0.86 0.01 0.9  6.07 0.02 0.85
 0.44 4.03 0.61 8.81 0.17 0.44 0.51 0.38 5.48 4.6  7.25 5.68 8.46 5.91
 6.89 0.21 7.   0.48 8.09 0.12 2.17 0.01 2.47 2.66 4.33 6.77 2.32 5.78
 0.95 8.03 0.05 1.87 3.14 1.97 5.27 2.34 1.58 0.56 6.3  2.15 0.94 5.62
 9.65 6.33 0.66 3.34 4.44]","Counter({'Misrepair': 41, 'Repair': 34})",0.4533333333333333,0.11266669717290842,"[0.3047383936117261, 0.21821632954077474, 0.8739863853796117, 0.1555163905253078, 0.570817216961126, 0.43889375577883105, 0.6812800203479646, 0.40352716341346484, 1.133873397806684, 0.4142786446759866, 0.39119713201677603, 1.581294648545209, 0.2850179622218451, 0.6836614276615403, 0.17433774077802325, 0.7379114140219661, 0.4657854166925893, 0.5848192103433227, 0.7067284669619575, 0.21868312479013877, 1.1027168644784544, 0.874802131757953, 0.7158993123854204, 0.31765690960210585, 0.9851030697737635, 0.18004215940628657, 0.45142236669393804, 0.136648635282879, 0.261464525186931, 0.6386454981169619, 0.6296714305532083, 0.9056755242824408, 1.4811190798185059, 0.5943412604061133, 1.8076935400134977, 0.7589775359601706, 0.5945477122583873, 0.9402994080732264, 0.4164409832254723, 0.49211092215762653, 0.22809672535010886, 0.8814236992571837, 0.5337069508392446, 0.6007819248058146, 0.5137503956044658, 0.4894813018625642, 0.14897639058874362, 0.6824318691499817, 0.24449752868411237, 0.28945332526077616, 0.4542224830986094, 0.3293606936088874, 0.27713881915074073, 0.8089267666292511, 1.0441223367409174, 0.7681340261069923, 0.9755354520226364, 1.3773866555545842, 0.6053615825089714, 0.8646766745973635, 0.9209667009648994, 0.5222119800532717, 0.845926457453784, 0.3218531834647911, 0.7306711152489689, 0.31333800569275166, 0.40166416547006845, 0.1272672429215829, 0.3113524554911609, 0.5781429585962636, 0.4815638960382366, 0.8615583631962328, 0.5097945306290446, 0.21837818150669097, 0.41445528609386656]"
0,100,3,0.2,15,True,0.008,200,0.01,0.01,0.2,200,1000,0.1,8,2,0,200,"['Misrepair', 'Misrepair', 'Repair', 'Repair', 'Repair', 'Misrepair', 'Misrepair', 'Repair', 'Repair', 'Repair', 'Repair', 'Misrepair', 'Repair', 'Repair', 'Misrepair', 'Misrepair', 'Misrepair', 'Repair', 'Repair', 'Misrepair', 'Repair', 'Misrepair', 'Repair', 'Repair', 'Misrepair', 'Repair', 'Misrepair', 'Misrepair', 'Misrepair', 'Misrepair', 'Misrepair', 'Repair', 'Repair', 'Repair', 'Repair', 'Repair', 'Misrepair', 'Misrepair', 'Misrepair', 'Misrepair', 'Misrepair', 'Repair', 'Repair', 'Repair', 'Repair', 'Repair', 'Misrepair', 'Misrepair', 'Misrepair', 'Repair', 'Misrepair', 'Misrepair', 'Repair', 'Misrepair', 'Misrepair', 'Misrepair', 'Misrepair', 'Repair', 'Repair', 'Misrepair']","[5.34 7.2  0.04 1.04 0.92 0.01 7.73 0.27 0.99 2.01 3.28 5.81 3.34 7.4
 2.73 4.22 4.46 0.43 4.72 0.24 1.78 1.01 6.69 5.39 9.92 4.42 6.56 9.75
 3.   4.17 4.97 9.34 2.88 3.12 5.78 5.14 9.28 3.84 1.72 6.9  9.41 5.43
 1.94 2.02 8.04 6.77 0.66 9.86 3.87 0.16 2.57 0.99 2.86 0.49 1.43 1.42
 6.   7.21 0.77 3.64]","Counter({'Misrepair': 31, 'Repair': 29})",0.48333333333333334,0.1264471489654135,"[1.305464164613258, 0.45950419785886254, 1.6879152069370773, 0.5256944595032015, 1.0656968150671842, 0.3813045836799639, 0.46854752366711483, 0.8354807324173437, 1.5705384909334854, 0.28681152553762573, 0.21937334746360346, 0.35649164064376065, 1.3099219795762043, 0.7991144942746513, 1.1624884888246516, 0.46869878831970857, 0.6093969769500511, 0.25166012251897224, 1.9813813033756436, 0.3968614791660803, 0.6570802861120266, 0.4906983452128526, 0.33984023223957344, 0.28846869445018225, 0.2724622087586708, 0.9128542867916785, 0.543905102013234, 0.33572763536044936, 0.8030197580275932, 0.2792830012405569, 0.5335598017644958, 0.6539424248445533, 0.20699696014780464, 1.1200019852223602, 0.4335207247784978, 0.3246214879790601, 0.7633546356883594, 0.5604280237468565, 0.7746644055256243, 1.426490602992736, 0.35609424108201615, 0.2656073158733478, 0.6871255617311767, 0.49294045736537306, 0.11282903197951111, 0.4795380359680054, 0.5577725307190179, 0.27939555842210945, 0.8132252442218956, 0.3116702175171874, 0.45440766478654154, 1.2888961888918231, 1.456363185302438, 0.5060366914633, 0.4168781262045077, 0.43516244149059696, 0.395882169751875, 0.33166289149414285, 0.436595263877453, 0.5127099388249878]"
0,100,3,0.2,15,True,0.008,200,0.01,0.01,0.2,200,1000,0.1,10,2,0,200,"['Repair', 'Misrepair', 'Misrepair', 'Repair', 'Repair', 'Repair', 'Repair', 'Repair', 'Misrepair', 'Repair', 'Repair', 'Repair', 'Misrepair', 'Repair', 'Repair', 'Repair', 'Misrepair', 'Misrepair', 'Misrepair', 'Repair', 'Misrepair', 'Repair', 'Repair', 'Misrepair', 'Misrepair', 'Misrepair', 'Misrepair', 'Repair', 'Misrepair', 'Misrepair', 'Misrepair', 'Repair', 'Misrepair', 'Misrepair', 'Misrepair', 'Repair', 'Misrepair', 'Repair', 'Misrepair', 'Repair', 'Misrepair', 'Misrepair', 'Repair', 'Misrepair', 'Misrepair', 'Repair', 'Misrepair', 'Misrepair', 'Misrepair', 'Misrepair', 'Misrepair', 'Repair', 'Repair', 'Misrepair', 'Misrepair', 'Repair', 'Misrepair', 'Misrepair', 'Misrepair', 'Repair', 'Misrepair', 'Repair', 'Repair', 'Misrepair', 'Repair', 'Repair', 'Repair', 'Misrepair', 'Misrepair', 'Misrepair', 'Misrepair', 'Misrepair', 'Misrepair']","[8.24 3.32 5.66 3.5  0.1  0.09 0.35 2.52 2.23 9.99 4.34 0.39 3.75 9.78
 0.63 6.14 0.79 2.82 3.08 7.01 0.46 1.33 2.96 7.5  9.63 2.08 3.37 1.23
 1.6  7.51 1.61 3.72 0.3  4.96 7.13 8.23 0.96 2.24 0.41 9.8  8.78 5.08
 4.38 4.79 1.12 2.72 0.3  3.05 5.28 6.01 4.61 7.86 2.27 9.71 3.62 9.64
 6.63 7.09 3.55 4.46 5.96 5.45 4.42 4.2  5.17 2.58 7.59 3.89 2.55 7.96
 3.37 4.99 3.08]","Counter({'Misrepair': 42, 'Repair': 31})",0.4246575342465753,0.11339065742606863,"[0.26811856853561583, 0.5919751303291482, 1.982960881309302, 0.7742740504794855, 1.930962577723935, 0.5415795768945204, 0.3417438269241172, 0.3488105310791857, 0.48962363788940694, 1.1494302529073779, 0.40661922857664806, 0.7539716464150569, 0.20856517206756195, 0.7089255048880052, 0.31419815337594403, 0.8603692990993312, 0.5906683079624684, 0.1770411804889269, 0.526697999332184, 0.3063169531709615, 0.6847039877977591, 0.24631031646666915, 0.8307623034290912, 0.6418305943761564, 0.876907525771174, 1.3989281348925373, 0.44825687252433255, 0.5454643574836908, 1.092248997404275, 0.3329755481092922, 0.9976391515628019, 0.4550812578869639, 0.6088339081837728, 0.3985683763359613, 0.9872301672274644, 0.2869044946552303, 1.3277686787609218, 0.29269244947634704, 1.135562045465234, 1.5402949525023562, 0.2226924603658224, 0.4466359051835343, 0.2601687317987666, 0.4487268969256473, 1.004089129591667, 0.5041950908928347, 0.5417676642448302, 2.0478642768173416, 0.3455808165557175, 0.6298690121410697, 0.2689488684416371, 0.7142469030738845, 0.8925819408584608, 0.7831365227819017, 1.4073771139345872, 0.3267521226780534, 0.18795684329492032, 0.7995681433877817, 0.3250565758497579, 0.8763428638038583, 0.6471281852821055, 0.4208474407599889, 0.16813485191553001, 0.5374936348976289, 0.6962405464489047, 0.638911532386701, 0.23268695230990738, 0.38421540226206596, 0.6646464674656097, 0.4952825209509482, 0.5352686276703539, 0.5766768685573251, 0.4474872507525587]"
0,100,3,0.2,15,True,0.008,200,0.01,0.01,0.2,200,1000,0.1,12,2,0,200,"['Repair', 'Misrepair', 'Repair', 'Repair', 'Repair', 'Misrepair', 'Repair', 'Misrepair', 'Misrepair', 'Misrepair', 'Misrepair', 'Misrepair', 'Misrepair', 'Misrepair', 'Repair', 'Misrepair', 'Misrepair', 'Misrepair', 'Repair', 'Misrepair', 'Misrepair', 'Repair', 'Repair', 'Repair', 'Misrepair', 'Misrepair', 'Repair', 'Misrepair', 'Misrepair', 'Misrepair', 'Misrepair', 'Misrepair', 'Misrepair', 'Repair', 'Misrepair', 'Repair', 'Misrepair', 'Repair', 'Misrepair', 'Misrepair', 'Misrepair', 'Misrepair', 'Misrepair', 'Repair', 'Repair', 'Repair', 'Misrepair', 'Misrepair', 'Repair', 'Misrepair', 'Misrepair', 'Misrepair', 'Repair', 'Misrepair', 'Misrepair', 'Misrepair', 'Repair', 'Repair', 'Repair', 'Repair', 'Misrepair', 'Misrepair', 'Misrepair']","[8.7  0.44 0.25 0.63 3.36 1.65 7.2  6.48 3.29 1.97 9.51 0.72 6.63 5.75
 1.2  6.31 1.66 5.8  3.34 7.04 2.5  1.   4.03 7.73 3.78 0.34 3.69 1.62
 3.38 3.52 4.81 1.15 2.48 0.01 8.24 8.27 0.33 3.48 5.64 4.17 8.57 2.79
 2.64 1.01 6.02 0.   4.33 0.97 2.53 1.05 8.4  4.82 1.28 7.13 0.84 0.74
 0.87 3.49 8.31 3.91 0.23 0.15 8.58]","Counter({'Misrepair': 40, 'Repair': 23})",0.36507936507936506,0.11888831198660076,"[0.44024912175932257, 0.2900762180291534, 0.8264279195656968, 1.2147780979091463, 0.7904083788158454, 0.34292725795532925, 0.29808103234576966, 0.48783771653086916, 1.4528017774056323, 0.9616354781288853, 0.274495769944601, 0.7894146696967215, 0.47455996720802057, 0.48817557397099604, 0.9859091764638268, 0.43041484344703507, 0.14182117056398955, 1.6604564859251867, 0.4219310822289931, 0.2931609378176997, 0.32394436737271426, 0.28711465437156036, 0.37554116800975307, 0.6917129780985698, 0.13554250093782017, 1.1998034070480852, 0.3289564145831764, 0.18270737740538892, 0.18402041048487977, 0.7849093024119069, 1.3632789621107488, 0.32798438481989645, 0.45112782402092455, 0.4397823697239353, 0.6145242807482018, 0.3107675828071755, 0.42792038142936717, 0.28821791864121754, 0.2493492740658857, 0.6510201165753463, 0.35579826558162275, 0.7928930242739345, 0.378046564919581, 0.5638889299414093, 0.22516982029444527, 0.8328359587280023, 0.40068441699660445, 0.5749718787948417, 0.28485328942792504, 1.1014286149622967, 0.4682177778831136, 0.5381106529697735, 0.5831767020449314, 0.5550301862958532, 0.39110614458822957, 0.575060571956881, 0.45300661413211685, 0.6054818567980298, 0.21918849222260017, 0.53787551992371, 0.7284798429521819, 0.8895523173705591, 1.2869321784315906]"
0,100,3,0.2,15,True,0.008,200,0.01,0.01,0.2,200,1000,0.1,14,2,0,200,"['Repair', 'Misrepair', 'Repair', 'Misrepair', 'Repair', 'Repair', 'Misrepair', 'Repair', 'Repair', 'Misrepair', 'Misrepair', 'Repair', 'Repair', 'Repair', 'Repair', 'Repair', 'Repair', 'Repair', 'Repair', 'Misrepair', 'Repair', 'Misrepair', 'Repair', 'Misrepair', 'Repair', 'Repair', 'Misrepair', 'Repair', 'Repair', 'Repair', 'Misrepair', 'Misrepair', 'Misrepair', 'Repair', 'Misrepair', 'Misrepair', 'Repair', 'Repair', 'Misrepair', 'Misrepair', 'Misrepair', 'Repair', 'Misrepair', 'Misrepair', 'Misrepair', 'Misrepair', 'Repair', 'Misrepair', 'Misrepair']","[7.84 3.05 5.59 9.26 3.31 0.27 3.79 5.1  5.96 0.79 7.84 8.34 8.37 9.53
 0.   9.86 2.71 5.52 1.52 3.02 7.57 3.84 3.42 0.11 3.68 0.23 1.3  5.36
 5.66 5.44 2.57 6.13 2.78 1.83 4.9  3.99 0.37 9.6  1.16 0.81 7.2  8.79
 8.29 6.35 8.65 7.03 2.52 9.61 8.7 ]","Counter({'Repair': 26, 'Misrepair': 23})",0.5306122448979592,0.13973736297871409,"[0.17540088418859548, 0.1852005295159314, 0.3748581637548964, 0.24422369067941493, 1.0278212219923446, 0.30094377462356253, 0.25230932030513725, 0.27231019398580153, 0.9840193792153518, 0.21353753881543272, 0.44427603226402385, 0.3401772068285933, 0.27446123508957493, 0.19385197347890165, 1.0640761738490014, 0.21099314875746394, 0.23946345853368584, 0.5397730063811949, 0.49163748950332703, 0.5508956563683753, 0.3952637295693481, 0.29826812862591384, 0.5390263693731123, 0.4882429143094391, 0.3528492977209537, 0.5931317938567997, 0.3422806149617208, 0.40779364362285664, 0.6615061752644086, 0.6546448420326025, 0.401601720025895, 1.3756750335405394, 1.0225243959438193, 0.5607173027391685, 0.6622625584955086, 1.1906732472985277, 0.41493880627855523, 0.6589404040537618, 0.7809237576259273, 1.4294973787901248, 0.3254199142624789, 1.028040428871985, 0.4230616488588025, 0.26748187823276637, 0.3804981518361821, 0.33640844981554124, 0.6739731510372325, 0.43392243649720547, 1.3773323480803492]"
0,100,3,0.2,15,True,0.008,200,0.01,0.01,0.2,200,1000,0.1,16,2,0,200,"['Repair', 'Misrepair', 'Repair', 'Repair', 'Misrepair', 'Misrepair', 'Misrepair', 'Repair', 'Misrepair', 'Repair', 'Repair', 'Repair', 'Misrepair', 'Repair', 'Misrepair', 'Misrepair', 'Repair', 'Misrepair', 'Repair', 'Repair', 'Misrepair', 'Misrepair', 'Misrepair', 'Misrepair', 'Misrepair', 'Repair', 'Repair', 'Misrepair', 'Misrepair', 'Misrepair', 'Misrepair', 'Repair', 'Repair', 'Repair', 'Repair', 'Misrepair', 'Repair', 'Misrepair', 'Repair', 'Misrepair', 'Repair', 'Misrepair', 'Repair', 'Misrepair', 'Repair', 'Misrepair', 'Repair', 'Repair', 'Repair', 'Misrepair', 'Misrepair', 'Repair', 'Misrepair', 'Repair', 'Repair', 'Misrepair', 'Repair', 'Repair', 'Misrepair', 'Repair', 'Repair']","[0.83 4.47 3.57 4.15 7.98 1.25 5.39 4.27 1.41 2.49 2.93 2.82 0.3  8.05
 0.36 0.04 8.11 0.91 0.7  0.91 2.32 3.3  3.86 2.84 0.31 4.53 0.05 0.87
 8.48 7.56 3.22 3.37 3.82 6.79 2.19 2.67 2.37 0.96 8.54 8.84 0.34 0.19
 5.57 1.32 1.59 3.78 1.39 7.08 5.44 0.2  9.42 0.01 5.23 9.1  0.92 8.81
 7.63 8.04 6.47 2.62 1.64]","Counter({'Repair': 32, 'Misrepair': 29})",0.5245901639344263,0.12532430560218255,"[0.45581409404365936, 0.43693449280522484, 0.3339219811318045, 0.3661092915608255, 0.1372470351687302, 0.2610621740899198, 0.2792115678304838, 0.3162646537147003, 0.675491437840988, 0.3328560105080345, 0.4007730875943774, 0.2955810343864122, 0.3858802234825155, 0.5040805011422198, 0.4774837387582867, 0.5497611577499858, 0.4047763559815602, 0.9773648400578905, 0.46450165859186704, 0.7702144719767758, 0.28942959021857506, 0.6378065981447519, 0.3151840731793081, 0.8393356895587367, 0.48841198302531197, 1.030586908217765, 0.5026441771233849, 0.4970619267904035, 0.448051612400945, 0.8055392164938147, 1.0043945426164962, 1.4401953639455964, 0.7810716336565149, 0.4092698886133735, 0.8698522487508744, 0.6212896942965298, 0.666724513557549, 0.7799090063159637, 0.3381701474819095, 0.5891446035699687, 0.30282408193321675, 0.3056636985356686, 0.7121105323001948, 1.425029633920556, 0.29239769352823614, 0.42459548981421974, 1.2210120110288076, 0.4091014260259383, 1.828858026034123, 0.5332605192622927, 0.43636980438555484, 0.5505815524508313, 1.1994292615415107, 0.5723650576112225, 0.4870075992062801, 0.8970288308297966, 0.19803891913159585, 0.6442457637612268, 0.3301751648891223, 0.9453242587320903, 0.3604046684134001]"
0,100,3,0.2,15,True,0.008,200,0.01,0.01,0.2,200,1000,0.1,18,2,0,200,"['Misrepair', 'Repair', 'Repair', 'Misrepair', 'Repair', 'Misrepair', 'Repair', 'Repair', 'Misrepair', 'Repair', 'Repair', 'Repair', 'Misrepair', 'Misrepair', 'Misrepair', 'Misrepair', 'Repair', 'Misrepair', 'Repair', 'Misrepair', 'Misrepair', 'Misrepair', 'Repair', 'Misrepair', 'Repair', 'Repair', 'Misrepair', 'Repair', 'Repair', 'Repair', 'Repair', 'Repair', 'Misrepair', 'Misrepair', 'Repair', 'Repair', 'Repair', 'Repair', 'Repair']","[3.07 5.15 1.91 8.13 8.79 8.37 5.55 4.98 1.22 4.18 2.36 2.97 0.   0.95
 2.5  0.   2.82 2.56 9.06 0.06 1.56 2.85 3.02 8.97 0.52 0.   4.01 0.15
 6.66 0.67 3.66 5.77 8.7  3.82 5.15 0.5  2.48 4.39 0.45]","Counter({'Repair': 23, 'Misrepair': 16})",0.5897435897435898,0.1543771681707771,"[0.40426182496196483, 0.27443756310403916, 2.1394462234096427, 0.2801538936795889, 0.8047715647168856, 0.3619824009513921, 0.3730426085569168, 0.5855289760499334, 1.8074353548562831, 0.5092753335763072, 0.6385954996093205, 0.7726472539929766, 0.4006953425273147, 0.46861422296523647, 0.2643096963634959, 0.3580402133922358, 2.8989874153709874, 0.9780487619628656, 0.1391894013155996, 0.3748354695428446, 0.31618456449188326, 0.551768029137844, 0.29856130506371087, 0.2213050835631325, 0.6514228167208392, 0.45900244793790124, 0.20853219860553196, 1.1037005659030203, 0.4900194243758812, 0.2359503117274552, 0.5978644520632606, 0.35678635876855885, 0.8374761299001698, 0.8197417368389069, 0.40690268051700174, 0.8921374642931991, 2.396965627160799, 0.6044942100585671, 0.6099363655527079]"
1,100,3,0.2,15,True,0.008,200,0.01,0.01,0,200,1000,0.1,2,2,0,200,"['Misrepair', 'Misrepair', 'Misrepair', 'Misrepair', 'Misrepair', 'Repair', 'Misrepair', 'Misrepair', 'Repair', 'Misrepair', 'Misrepair', 'Repair', 'Misrepair', 'Misrepair', 'Misrepair', 'Misrepair', 'Repair', 'Misrepair', 'Misrepair', 'Misrepair', 'Misrepair', 'Repair', 'Repair', 'Misrepair', 'Misrepair', 'Misrepair', 'Misrepair', 'Misrepair', 'Misrepair', 'Misrepair', 'Misrepair', 'Misrepair', 'Misrepair', 'Misrepair', 'Repair', 'Repair', 'Misrepair', 'Misrepair', 'Repair', 'Misrepair', 'Misrepair', 'Misrepair', 'Misrepair', 'Misrepair', 'Misrepair', 'Misrepair', 'Repair', 'Misrepair', 'Misrepair', 'Repair', 'Misrepair', 'Misrepair', 'Misrepair', 'Misrepair', 'Misrepair', 'Misrepair', 'Misrepair', 'Repair', 'Misrepair', 'Misrepair', 'Misrepair', 'Repair', 'Misrepair', 'Misrepair', 'Repair', 'Misrepair', 'Misrepair', 'Repair', 'Misrepair', 'Misrepair', 'Misrepair', 'Repair', 'Repair', 'Misrepair', 'Repair', 'Misrepair', 'Misrepair', 'Misrepair', 'Repair', 'Misrepair', 'Repair', 'Misrepair', 'Misrepair', 'Misrepair', 'Misrepair', 'Repair', 'Misrepair', 'Misrepair', 'Misrepair', 'Misrepair', 'Misrepair', 'Misrepair', 'Misrepair', 'Misrepair', 'Misrepair', 'Misrepair', 'Misrepair', 'Misrepair', 'Misrepair', 'Misrepair', 'Misrepair', 'Misrepair', 'Misrepair', 'Misrepair', 'Misrepair', 'Repair', 'Misrepair', 'Misrepair', 'Misrepair', 'Misrepair', 'Misrepair', 'Misrepair', 'Misrepair', 'Misrepair', 'Misrepair', 'Misrepair', 'Misrepair', 'Misrepair', 'Misrepair', 'Repair', 'Misrepair', 'Repair', 'Misrepair', 'Misrepair', 'Misrepair', 'Misrepair', 'Misrepair', 'Misrepair', 'Misrepair', 'Misrepair', 'Repair', 'Misrepair', 'Misrepair', 'Repair', 'Misrepair', 'Misrepair', 'Misrepair', 'Repair', 'Misrepair', 'Repair', 'Repair', 'Misrepair', 'Repair', 'Misrepair', 'Misrepair', 'Repair', 'Misrepair', 'Misrepair', 'Misrepair', 'Misrepair', 'Misrepair', 'Misrepair', 'Repair', 'Misrepair', 'Misrepair', 'Misrepair', 'Repair', 'Repair', 'Misrepair', 'Misrepair', 'Misrepair', 'Repair', 'Misrepair', 'Repair', 'Misrepair', 'Misrepair', 'Repair', 'Repair', 'Misrepair', 'Misrepair', 'Misrepair', 'Misrepair', 'Misrepair', 'Misrepair', 'Repair', 'Misrepair', 'Misrepair', 'Misrepair', 'Repair']","[4.82 0.74 3.63 0.71 7.9  4.24 1.22 1.55 0.12 3.37 5.22 0.77 0.   2.75
 0.49 6.59 0.88 3.41 0.   4.48 9.88 2.92 2.73 0.   4.96 0.27 3.04 0.05
 0.79 0.89 2.73 0.65 3.54 6.69 0.32 2.94 2.23 0.61 0.86 3.57 0.49 3.45
 0.95 2.3  1.13 5.61 5.08 2.82 2.64 0.33 0.19 8.28 0.73 3.55 1.16 0.13
 3.05 0.   5.83 3.54 2.77 1.57 2.16 1.18 4.1  5.68 0.   4.78 0.49 2.28
 5.13 4.52 7.83 0.   2.52 6.53 5.71 0.46 1.77 0.12 0.71 3.1  0.81 0.04
 5.47 0.89 7.62 0.53 2.2  3.45 1.61 0.97 0.22 2.85 0.   9.56 0.   2.21
 0.04 2.91 1.56 0.3  1.87 0.33 8.96 3.19 8.51 0.07 5.11 1.11 1.13 3.13
 4.01 0.08 0.   0.9  7.02 0.95 3.46 5.68 0.35 0.71 1.99 0.04 0.01 2.73
 0.94 0.93 5.81 0.61 0.   7.59 0.7  0.   0.75 0.84 3.04 0.14 8.15 2.01
 0.88 0.75 1.73 0.3  1.01 0.16 2.86 7.09 1.67 6.43 8.59 0.   1.46 2.67
 0.28 7.24 0.   2.91 9.13 1.83 1.21 0.1  1.04 0.12 2.12 1.65 0.36 0.91
 0.12 0.79 4.47 6.24 1.4  0.42 3.55 1.35 4.79 6.61 0.34]","Counter({'Misrepair': 139, 'Repair': 40})",0.22346368715083798,0.06102586172831426,"[0.30698248098291364, 0.9184305558436066, 1.0612716772958983, 0.17638919219463162, 1.337641883468076, 0.44054819068297923, 0.37708535653692976, 0.3873176083765961, 0.8078170484654169, 0.9432505353831769, 0.2348296861150118, 0.35315542099540137, 0.49063412626141895, 0.45151195974387953, 0.4375377898335922, 0.27972273110210233, 1.3738106320500396, 1.0491879905075843, 0.5457512266115061, 1.6550163274118017, 0.5044370560317616, 0.6897238116138604, 1.062420006220739, 0.2517911628247189, 0.9114250767711691, 3.0287669179843486, 0.8250445568160062, 0.47692580497063153, 0.48435608756597026, 1.6014891107300224, 1.0020750052815008, 1.4230072018834883, 0.6446759734638365, 0.38511889922873155, 0.3615334862722176, 0.6344239980096146, 0.5344956355313215, 1.0860405097877166, 0.9940683510480283, 0.36620466341349933, 0.533422994923921, 0.30600103513351057, 2.1758769511082408, 0.6739614681005602, 0.3201136957357097, 0.6256531333536941, 0.6001928131051577, 0.7151259887605734, 0.7343704759386276, 0.39232615841375645, 1.022540847956552, 0.6136739625162493, 0.5985456090774026, 0.6267213826093357, 0.6001447293840207, 1.3305149072841842, 0.554338787350497, 0.7397778068590535, 0.697601186623588, 0.17820904575719865, 0.5831548236026329, 0.6726180234277203, 0.6310070235646431, 1.5476229196520779, 0.6390181138899416, 0.43656663142274627, 0.5211853025574663, 0.28189830172820396, 0.6175332199206731, 0.4064442244243103, 0.8506817279308381, 0.4263555796326366, 0.3815426021566155, 0.26106581399977213, 0.6280374304083315, 0.44697749171646595, 0.2893127607850467, 1.8121754825558753, 0.2977608491199716, 0.4969462575522159, 0.6752733464329503, 0.6750320560628563, 0.7286889156668258, 0.6054869441708272, 0.7725499272205599, 1.177595251173943, 0.19816190981987242, 0.5433047511195189, 0.21281492735117866, 0.5620077556771165, 1.309196804868912, 0.5051381330702728, 0.5954340444842542, 1.8473305150871877, 0.6699840312993843, 0.3665768250644099, 0.898298678570294, 0.6837503023262242, 0.7136380194485894, 0.42216629031597064, 0.48984598281880987, 0.8331871885702776, 0.7101865744176676, 1.7975476346223629, 0.3978298906280128, 1.2101329940566135, 0.6112709763261609, 0.6348068050098409, 0.9274280444672294, 0.9772031608748805, 1.0162038767746966, 0.6829662500573919, 0.5141284637110115, 0.7795117953872222, 0.8910132105761005, 0.44594037237514755, 1.0603107944399863, 0.5295475204017959, 0.5403137096713411, 0.8800758417189732, 0.5702045133765309, 0.5200115113069923, 1.04306700903716, 0.5223099515975502, 0.741564261290714, 0.7917162542503456, 0.719220666715085, 0.5695649983026226, 1.2774223389679733, 0.6781542723222654, 0.6327427798093658, 1.2469949598121295, 0.3349234322270107, 1.5037125089436274, 1.9299549219701513, 0.5317154671348238, 0.3802837292189236, 0.5817583660191084, 0.1636125647607152, 1.6613118730736625, 1.040089656545442, 0.5120102714724541, 0.28236147966273234, 0.917109422259476, 1.4939515031294102, 2.918800563725457, 0.5426410425063484, 1.0801617839485507, 0.6023163492483559, 0.2002458818406334, 0.4397702887020838, 3.867494094286333, 1.1329466965053359, 1.2774015369690157, 1.327826700318696, 0.21528100283483131, 0.751857357872288, 0.7140538113512838, 0.313042018840923, 0.2517106534073175, 0.6649461475915653, 0.518968625507751, 0.5690762031526476, 0.15505880579011988, 0.6793671249645074, 0.7126388378472238, 0.5865153230015137, 1.5583857711513505, 0.6388109518738015, 0.39594857691312657, 1.332818028284492, 0.3019732930832729, 0.9723988223016105, 1.4440874036711953, 1.5161460964522468, 1.1061359908343145, 0.9434586934836987, 0.3012971918096061, 0.6919639391461925]"
1,100,3,0.2,15,True,0.008,200,0.01,0.01,0,200,1000,0.1,4,2,0,200,"['Misrepair', 'Repair', 'Repair', 'Misrepair', 'Misrepair', 'Misrepair', 'Misrepair', 'Repair', 'Repair', 'Misrepair', 'Repair', 'Repair', 'Repair', 'Repair', 'Misrepair', 'Misrepair', 'Repair', 'Repair', 'Misrepair', 'Misrepair', 'Misrepair', 'Repair', 'Repair', 'Misrepair', 'Misrepair', 'Misrepair', 'Misrepair', 'Misrepair', 'Misrepair', 'Misrepair', 'Misrepair', 'Repair', 'Repair', 'Misrepair', 'Repair', 'Misrepair', 'Misrepair', 'Misrepair', 'Repair', 'Misrepair', 'Misrepair', 'Repair', 'Misrepair', 'Repair', 'Misrepair', 'Misrepair', 'Misrepair', 'Misrepair', 'Misrepair', 'Repair', 'Misrepair', 'Repair', 'Repair', 'Repair', 'Misrepair', 'Misrepair', 'Misrepair', 'Repair', 'Misrepair', 'Repair', 'Repair', 'Misrepair', 'Repair', 'Misrepair', 'Misrepair', 'Misrepair', 'Repair', 'Misrepair', 'Misrepair', 'Misrepair', 'Repair', 'Misrepair', 'Misrepair', 'Repair', 'Repair', 'Misrepair', 'Repair', 'Repair', 'Repair', 'Misrepair', 'Repair', 'Misrepair', 'Repair', 'Misrepair', 'Misrepair', 'Misrepair', 'Repair', 'Misrepair', 'Repair', 'Repair', 'Misrepair', 'Repair', 'Repair', 'Repair', 'Repair', 'Misrepair', 'Misrepair', 'Repair', 'Misrepair', 'Repair', 'Repair', 'Misrepair', 'Misrepair', 'Misrepair', 'Misrepair', 'Misrepair', 'Misrepair', 'Misrepair', 'Misrepair', 'Repair', 'Repair', 'Misrepair', 'Misrepair', 'Repair', 'Repair', 'Misrepair', 'Misrepair', 'Repair', 'Misrepair', 'Misrepair', 'Repair', 'Misrepair', 'Misrepair', 'Misrepair', 'Misrepair', 'Misrepair', 'Misrepair', 'Misrepair', 'Misrepair', 'Misrepair', 'Misrepair', 'Repair', 'Misrepair', 'Misrepair', 'Misrepair', 'Misrepair', 'Misrepair', 'Misrepair', 'Repair', 'Repair', 'Misrepair', 'Repair', 'Misrepair', 'Misrepair', 'Misrepair', 'Misrepair', 'Misrepair', 'Misrepair', 'Misrepair', 'Misrepair', 'Misrepair', 'Misrepair', 'Misrepair', 'Misrepair']","[7.12 0.04 0.   1.96 7.34 3.07 6.15 1.77 0.46 0.83 0.75 0.   0.   0.28
 0.97 9.09 0.3  9.09 2.98 7.48 1.74 0.   1.11 2.05 2.09 7.42 0.   0.67
 5.86 6.61 0.06 3.35 2.11 0.39 0.   0.03 9.53 9.34 3.   5.77 6.87 3.81
 1.53 2.08 0.95 0.59 0.   4.66 3.96 2.49 2.28 0.75 3.52 0.85 0.33 0.86
 7.71 0.12 2.43 1.55 0.47 0.79 4.35 3.44 0.   0.   6.04 4.22 4.18 1.59
 0.37 3.51 0.12 2.1  0.39 2.29 2.28 4.1  2.37 3.43 3.54 0.38 1.32 2.07
 0.69 1.27 3.86 4.42 7.21 0.66 0.68 1.71 0.63 6.65 1.01 2.6  4.74 0.14
 2.73 0.54 0.24 0.   0.47 8.56 0.56 6.65 0.   1.15 0.   0.19 0.07 1.21
 1.4  1.92 5.95 0.37 3.11 0.23 8.66 8.58 0.27 7.02 7.5  0.31 1.95 0.71
 1.01 0.37 0.3  5.82 5.6  3.75 1.21 0.04 1.13 0.09 0.04 6.11 7.49 0.59
 0.9  3.95 1.46 2.26 1.39 4.63 0.   0.54 4.93 3.23 6.66 1.14 6.2  8.08]","Counter({'Misrepair': 99, 'Repair': 55})",0.35714285714285715,0.07567874686642696,"[0.41943702027297564, 0.6011784307102446, 2.1950930769514527, 0.30776676847158846, 0.6611670039810634, 0.43907894115322327, 0.7376035765241648, 0.918505371605158, 0.8580780459746681, 0.3886568301689553, 0.5547183217525834, 0.8730343104824212, 0.6310047213027459, 0.5076686126144668, 1.24871661870737, 0.2401658569609236, 1.394747099017322, 0.528032503979874, 0.4104049545825471, 0.6717495573376108, 0.2541383378678815, 0.3516575804412044, 0.41572812681995025, 0.7477210612257269, 0.23585010348636642, 0.26867182861063266, 0.7125180699649936, 0.30595620228970705, 0.38353580341842103, 1.5548771732200826, 0.3431093152573294, 0.3131308390054923, 0.5819450971197943, 0.4006479508530848, 0.8647792423684686, 1.0347788535638178, 0.5114129634859048, 0.47079753507322414, 0.5740740796382515, 0.548714488235506, 0.71770210866668, 0.6102440004429069, 0.787628244425886, 0.47758528234935604, 0.5318408694222625, 0.5618956612015893, 0.483782782598735, 0.9070803068060309, 0.6592196415955256, 0.6526759714233954, 0.6258595873504514, 0.5076172712931553, 0.5907196458183348, 0.4186680279659301, 0.36800560393782544, 0.3771584693023962, 0.7171906757613604, 1.7696068915850214, 0.5364638013897125, 0.39702065878620724, 0.38172466060584, 0.25078698624263035, 0.6787919889078208, 0.4608642605259751, 0.6509078700418265, 0.5007058383409257, 0.41539399760488743, 1.1224191458069213, 0.4542540843123453, 1.0820061289303273, 0.4048598950550575, 0.29687501904951463, 0.8908909265400129, 0.4089316521159811, 0.45819610190395643, 0.5860210749973581, 0.4451435630131148, 0.724708492390196, 0.3248436166193761, 0.3647151252208601, 0.8296036201852744, 0.6962678067752455, 0.7315528003932995, 0.600279385384684, 0.5574278654124954, 0.3835135686579616, 0.21425515551935356, 0.9038777210225827, 0.3020338707678611, 0.7880858746311807, 0.26325692685450824, 1.4115696089429355, 0.5274413906738465, 0.1742510018843985, 0.7783723895798612, 0.5143059172554847, 0.3148911941089, 0.4101214263197584, 0.5740579114928844, 1.186456840817326, 0.7274525349949872, 0.6253998256660646, 0.6039452074263536, 0.649538979415183, 0.3890806556581019, 1.957505418457694, 0.8667499214640699, 0.6693278028314158, 0.43266178829779944, 0.6927371698382825, 0.5051558365055634, 0.7756324265283855, 0.8939624647053609, 0.39794868760346197, 0.6019249846548174, 0.9638074897745316, 0.40430948316412746, 1.9686590330595244, 1.2596477760387759, 0.3689270456799874, 0.4597160435095677, 0.4458171697139159, 0.2632226268486099, 1.2939998213212809, 0.46590550599313313, 0.795402137473806, 0.3536646445505335, 0.6216515697490217, 0.4690936266669707, 0.4884161801697442, 1.2092008624308266, 0.8677623730710208, 0.784883954625261, 2.0160517199820935, 1.7110816287154205, 0.3083508731134719, 1.0920731033009479, 0.6203478337227599, 1.606772501312393, 1.1516371038388362, 0.6735359532134225, 0.20256479773052885, 0.329948046701536, 0.714355463958753, 0.2854168497937448, 0.8120800910385683, 0.3432388925831681, 0.3789233694206075, 0.26642060496116354, 0.710237025576811, 1.0663468647255336, 1.85475708152696, 0.4411860950157891, 0.8267995792706198]"
1,100,3,0.2,15,True,0.008,200,0.01,0.01,0,200,1000,0.1,6,2,0,200,"['Repair', 'Repair', 'Repair', 'Misrepair', 'Repair', 'Misrepair', 'Misrepair', 'Repair', 'Misrepair', 'Repair', 'Repair', 'Misrepair', 'Repair', 'Repair', 'Misrepair', 'Misrepair', 'Misrepair', 'Misrepair', 'Misrepair', 'Misrepair', 'Misrepair', 'Misrepair', 'Repair', 'Misrepair', 'Misrepair', 'Repair', 'Misrepair', 'Repair', 'Repair', 'Repair', 'Misrepair', 'Repair', 'Misrepair', 'Misrepair', 'Misrepair', 'Misrepair', 'Repair', 'Misrepair', 'Repair', 'Repair', 'Repair', 'Misrepair', 'Repair', 'Repair', 'Misrepair', 'Repair', 'Repair', 'Repair', 'Repair', 'Repair', 'Misrepair', 'Repair', 'Repair', 'Misrepair', 'Misrepair', 'Misrepair', 'Misrepair', 'Misrepair', 'Repair', 'Repair', 'Repair', 'Repair', 'Repair', 'Misrepair', 'Repair', 'Repair', 'Misrepair', 'Repair', 'Repair', 'Repair', 'Repair', 'Repair', 'Misrepair', 'Repair', 'Misrepair', 'Misrepair', 'Misrepair', 'Misrepair', 'Repair', 'Repair', 'Repair', 'Repair', 'Repair', 'Misrepair', 'Misrepair', 'Repair', 'Repair', 'Misrepair', 'Repair', 'Misrepair', 'Repair', 'Misrepair', 'Misrepair', 'Misrepair', 'Repair', 'Repair', 'Repair', 'Misrepair', 'Misrepair', 'Misrepair', 'Misrepair', 'Misrepair', 'Repair', 'Misrepair', 'Repair', 'Repair', 'Misrepair', 'Repair', 'Misrepair', 'Misrepair', 'Repair', 'Repair', 'Repair', 'Repair', 'Misrepair', 'Misrepair', 'Repair', 'Repair', 'Repair', 'Repair', 'Misrepair', 'Misrepair', 'Repair', 'Misrepair', 'Repair', 'Misrepair', 'Repair', 'Repair', 'Repair', 'Repair', 'Repair', 'Misrepair', 'Misrepair', 'Misrepair', 'Repair', 'Repair', 'Misrepair', 'Repair', 'Misrepair', 'Misrepair', 'Misrepair', 'Repair', 'Repair', 'Misrepair', 'Repair', 'Misrepair', 'Misrepair', 'Repair']","[4.52 0.   0.11 1.37 2.98 1.89 3.49 1.27 5.41 1.65 5.83 0.12 3.59 7.97
 7.84 4.06 0.42 3.33 3.42 2.13 9.49 1.88 2.61 4.32 2.5  4.61 2.72 1.06
 4.86 2.58 8.18 0.01 5.97 5.65 0.24 2.71 2.47 0.33 4.45 0.14 2.04 0.5
 2.33 0.88 2.46 2.44 4.78 0.42 0.47 5.56 3.95 2.15 4.14 4.35 2.27 0.05
 0.22 0.24 0.4  0.   3.3  3.53 0.12 5.3  6.94 4.14 1.59 1.5  9.18 1.35
 0.02 2.   2.13 3.64 2.1  0.01 0.66 5.82 0.   5.64 1.17 6.3  5.36 8.5
 1.9  0.15 2.23 3.53 4.19 0.27 0.61 2.8  7.35 0.72 1.86 0.71 3.03 0.87
 3.47 0.02 1.31 1.54 0.42 6.58 2.25 0.06 5.31 0.12 9.64 8.77 7.24 0.06
 0.37 0.   0.48 1.93 6.4  2.36 1.37 0.36 0.08 6.27 2.71 2.12 2.68 7.09
 1.4  6.37 0.01 0.99 6.46 0.39 2.62 0.   0.6  0.   5.95 1.15 0.02 1.7
 1.49 0.48 1.19 0.69 0.47 9.09 0.74 7.35]","Counter({'Repair': 79, 'Misrepair': 69})",0.5337837837837838,0.08037141033596426,"[1.3956292980557456, 0.8245949778271198, 0.9063497768476237, 0.7339194644922157, 0.20871129601153068, 0.505237435756924, 0.9328126463465263, 0.43259178557983774, 0.8161611207754027, 0.5363429016028449, 1.0727676685789418, 0.6148584502104006, 0.9405856644036197, 1.0851452585719543, 0.30928934488215754, 0.5006106635754544, 0.47265841088571553, 0.5776114883982679, 0.44964219217837564, 0.5864659075712947, 0.48198331395740646, 1.8291703741730005, 0.3253067498651617, 0.3590135897199746, 0.2996910217447618, 0.2771776679730245, 1.3422842645587618, 0.5780214922908967, 0.7028490696375452, 0.4753797646443798, 0.5045083698199033, 0.4960713515124464, 0.6015761260281942, 0.2138036642967441, 0.7291203388332854, 0.6211035519006767, 0.33202787719240817, 0.7294048772327351, 1.1802425321934804, 0.5674557241692099, 0.47602176771341964, 0.72142224596417, 1.1036961575952207, 0.3613340086950993, 0.8637554445743605, 0.20292809378759935, 0.5275076929021156, 0.9497869871114966, 0.4136396303777217, 0.7586113732668328, 0.6198426670004561, 1.0021321425778362, 0.2991644215219855, 0.9393810293833088, 1.0184428829932728, 0.3874789159904887, 1.2074485035458467, 0.6657382075055918, 0.8343537220981304, 0.7843343515388191, 0.22870738612506755, 0.5046392747288753, 0.23190699808031667, 0.8332961385906412, 1.0397052200429073, 0.34334479189711176, 0.45418570401197117, 0.3150101804081398, 0.3540207021305282, 0.6852563868228733, 1.387287649348571, 0.8346425848978365, 0.7193089098703335, 0.4540674926830841, 0.9759702046089855, 0.5781132886450749, 0.24892560916550266, 0.7625376945231881, 0.9789544400023241, 1.4886689768634676, 0.4967734890245465, 1.3657215409461796, 0.7169320737911297, 0.5141939010574542, 0.7127409546870834, 0.49789634099760877, 1.210309122539742, 0.5469764288647305, 0.5749558813508135, 1.8674267613480706, 0.39994948257457424, 0.6002895916518461, 0.39079948096867456, 0.7155317910253102, 0.3178863506176702, 0.5372011680375326, 0.31973788384961815, 1.0434014163964918, 1.5217295106188595, 1.6935324260932412, 0.9756783977043374, 1.0193236714360774, 1.3110976105500214, 0.9975698190653268, 2.125295147651319, 0.7580464350560008, 0.8108585456881482, 0.6584348499383249, 0.6356892085991896, 0.5047305717720602, 0.8249738509029857, 1.1981014356625217, 1.011927821717722, 0.46070220552719315, 0.6140882511740453, 0.6631753760955604, 0.4405720806063991, 0.5636328052698074, 0.6320548995917505, 1.986842632275221, 1.488313593274581, 0.5009874144373753, 0.9657898185928715, 0.637204277887328, 0.6333334993388674, 0.9402089094373758, 0.7193252775020134, 0.721328923387611, 0.6046309643654018, 0.8727730344627073, 0.49501704474595765, 0.409048722542935, 0.3802637418827519, 1.421601556498183, 1.0869290319765001, 0.4624718051733316, 0.5974250010145004, 0.6707896235786189, 0.4946887394161209, 0.24358637537117822, 0.39404628781418594, 0.4516941663130361, 0.8634603040576097, 0.8741635768176631, 0.810354876020917, 0.30350549847666697, 0.8527255923407314, 0.5647058197882102]"
1,100,3,0.2,15,True,0.008,200,0.01,0.01,0,200,1000,0.1,8,2,0,200,"['Misrepair', 'Repair', 'Misrepair', 'Repair', 'Misrepair', 'Repair', 'Repair', 'Misrepair', 'Repair', 'Repair', 'Repair', 'Repair', 'Misrepair', 'Repair', 'Misrepair', 'Misrepair', 'Misrepair', 'Misrepair', 'Misrepair', 'Misrepair', 'Repair', 'Misrepair', 'Repair', 'Misrepair', 'Misrepair', 'Misrepair', 'Misrepair', 'Misrepair', 'Misrepair', 'Repair', 'Misrepair', 'Repair', 'Misrepair', 'Repair', 'Misrepair', 'Repair', 'Repair', 'Misrepair', 'Repair', 'Misrepair', 'Repair', 'Repair', 'Misrepair', 'Misrepair', 'Misrepair', 'Misrepair', 'Misrepair', 'Misrepair', 'Misrepair', 'Misrepair', 'Repair', 'Repair', 'Misrepair', 'Repair', 'Repair', 'Repair', 'Misrepair', 'Repair', 'Repair', 'Misrepair', 'Repair', 'Repair', 'Misrepair', 'Misrepair', 'Repair', 'Repair', 'Repair', 'Misrepair', 'Repair', 'Repair', 'Repair', 'Misrepair', 'Repair', 'Misrepair', 'Misrepair', 'Misrepair', 'Misrepair', 'Repair', 'Repair', 'Misrepair', 'Repair', 'Misrepair', 'Misrepair', 'Repair', 'Misrepair', 'Misrepair', 'Repair', 'Misrepair', 'Repair', 'Repair', 'Repair', 'Misrepair', 'Repair', 'Repair', 'Misrepair', 'Repair', 'Repair', 'Misrepair', 'Misrepair', 'Repair', 'Misrepair', 'Misrepair', 'Misrepair', 'Repair', 'Repair', 'Repair', 'Misrepair', 'Misrepair', 'Misrepair', 'Misrepair', 'Repair', 'Repair', 'Misrepair', 'Repair', 'Misrepair', 'Misrepair', 'Misrepair', 'Repair', 'Misrepair']","[0.1  6.68 0.   2.6  0.41 3.11 2.67 8.97 4.93 2.4  6.76 1.67 3.01 2.28
 8.81 1.51 6.2  3.03 6.06 0.88 0.28 9.78 3.9  0.92 7.28 2.67 1.86 0.48
 9.88 6.31 5.62 7.92 0.04 0.23 0.01 0.22 0.   5.15 0.08 4.22 1.08 2.05
 0.   8.85 6.44 4.94 8.39 1.33 0.57 9.8  2.91 0.4  3.12 0.73 3.72 0.02
 2.8  9.86 1.3  1.44 1.68 0.8  8.73 4.61 6.38 1.14 0.42 3.28 0.79 0.03
 1.38 1.68 0.6  7.02 5.36 2.09 3.47 8.22 0.   1.23 1.41 0.03 5.52 0.63
 4.06 4.35 5.68 1.47 4.41 1.66 0.31 4.79 9.75 1.11 1.28 0.29 0.86 0.01
 0.56 0.59 0.75 0.   1.92 0.01 1.08 7.54 4.38 7.51 1.65 5.28 0.   3.64
 5.74 2.08 1.17 0.11 0.   0.06 9.63]","Counter({'Misrepair': 64, 'Repair': 55})",0.46218487394957986,0.08957915491291185,"[0.42530907655475225, 0.3702813720920078, 1.803918642935332, 0.40457303205028117, 0.6272337972660329, 0.9193827622298465, 0.35633542841415206, 0.42624626036306884, 0.539642325459187, 0.759721168889615, 0.45881467996376396, 0.3296557416559444, 0.24622168008240405, 1.0061761216430116, 0.91426999020516, 1.20818504016573, 0.5268691658706645, 0.5820077872626775, 0.26147091957953206, 1.4531764715464257, 0.2512968885358002, 0.4137800267155914, 0.358798665239585, 0.9589868269125317, 0.3901853730005913, 1.4505718784972257, 0.2674739571636029, 0.8628688098009731, 0.6156649469785359, 1.79833705489497, 0.2785606856052392, 0.4755664233430997, 0.5344068369986004, 0.9901709596517331, 0.36227817810520546, 0.4928567618388985, 0.3649691633407706, 1.3695217713105046, 0.36966596886770725, 0.4660888906260605, 0.6461721533605183, 0.7504677542333205, 0.5249109532626176, 0.2190445294550803, 1.2195435319951557, 0.48418580543470163, 0.5854838252782931, 0.4082341547055694, 0.43420271075756894, 0.6326865619426789, 0.34208476907248303, 0.6005116256856229, 2.163854619929378, 0.5584458851871027, 0.998775698603523, 0.2539172765241846, 0.26251403315586697, 0.48547507686654634, 0.4402020848723977, 1.3022498711836148, 0.5285567936172552, 0.16637997836830182, 0.5268701972728747, 0.7326558810112229, 0.32186953405048535, 0.7146905282618942, 1.3678161299246847, 1.7254721416660075, 0.5152686899027803, 0.55860501486978, 0.26351585088457374, 0.387739354563989, 1.516814501697067, 0.15396794169360525, 0.21298100633527997, 0.6025931611651869, 0.8879823743928814, 0.4013656852848241, 0.6789114515310883, 0.7636835605618792, 1.9018407721277173, 0.6753827744500179, 0.3274438031003807, 0.8759309731308842, 0.392544316030363, 1.441125108292859, 0.48698773577816534, 0.7195224682279557, 0.7504850857312039, 1.71456646204932, 0.8898528187064271, 0.2709953391211629, 0.177563612528452, 0.7767099006283236, 0.330056669383859, 0.43321600248462644, 0.47377286744471236, 0.38646306250772783, 0.431910731997123, 1.0551586522034653, 0.5558105700865085, 0.5663906722782168, 1.1465679725945823, 0.6319476361863591, 0.5737105853606238, 0.3151099994729748, 0.6014396833554561, 0.44821424492188094, 0.8043395323338233, 0.18583044476540572, 0.8399693343670954, 0.2864284771415332, 0.30064631000463843, 1.4183533529706571, 0.6455966015018081, 1.3527989312301374, 0.5346539054613773, 0.7104476186008543, 0.2643824950077533]"
1,100,3,0.2,15,True,0.008,200,0.01,0.01,0,200,1000,0.1,10,2,0,200,"['Repair', 'Misrepair', 'Misrepair', 'Repair', 'Repair', 'Repair', 'Misrepair', 'Misrepair', 'Misrepair', 'Repair', 'Repair', 'Misrepair', 'Repair', 'Repair', 'Repair', 'Repair', 'Repair', 'Repair', 'Misrepair', 'Misrepair', 'Misrepair', 'Misrepair', 'Misrepair', 'Repair', 'Repair', 'Misrepair', 'Repair', 'Misrepair', 'Misrepair', 'Misrepair', 'Repair', 'Repair', 'Misrepair', 'Repair', 'Misrepair', 'Misrepair', 'Repair', 'Repair', 'Repair', 'Misrepair', 'Repair', 'Repair', 'Misrepair', 'Misrepair', 'Repair', 'Repair', 'Misrepair', 'Misrepair', 'Misrepair', 'Repair', 'Misrepair', 'Misrepair', 'Misrepair', 'Misrepair', 'Misrepair', 'Misrepair', 'Repair', 'Repair', 'Misrepair', 'Misrepair', 'Misrepair', 'Misrepair', 'Repair', 'Repair', 'Repair', 'Repair', 'Misrepair', 'Misrepair', 'Misrepair', 'Misrepair', 'Misrepair', 'Repair', 'Repair', 'Repair', 'Misrepair', 'Repair', 'Repair', 'Misrepair', 'Misrepair', 'Repair', 'Repair', 'Misrepair', 'Repair', 'Repair', 'Misrepair', 'Repair', 'Misrepair', 'Repair', 'Repair', 'Misrepair', 'Repair', 'Misrepair', 'Misrepair', 'Repair', 'Misrepair', 'Misrepair', 'Repair', 'Repair', 'Repair', 'Repair', 'Repair', 'Repair', 'Repair', 'Repair', 'Misrepair', 'Repair', 'Misrepair', 'Repair', 'Misrepair', 'Repair', 'Repair', 'Misrepair', 'Repair', 'Misrepair', 'Misrepair', 'Misrepair', 'Misrepair', 'Misrepair', 'Repair', 'Repair', 'Misrepair', 'Repair', 'Repair', 'Misrepair', 'Misrepair', 'Misrepair', 'Misrepair', 'Repair']","[7.09 5.36 5.   4.83 8.32 5.82 6.66 0.04 7.71 2.39 0.   0.51 4.56 2.03
 0.06 2.7  0.35 9.87 4.01 3.39 4.83 3.09 1.16 0.06 0.83 0.95 1.2  8.2
 0.01 9.37 0.08 2.13 2.45 0.23 0.45 9.85 0.05 3.6  6.39 8.39 2.82 2.32
 8.73 7.53 1.76 1.22 0.99 1.09 2.05 5.81 0.13 3.33 4.53 5.63 4.28 0.76
 5.33 1.17 2.05 1.71 2.8  0.53 9.47 1.46 1.   4.57 8.   2.3  2.71 0.36
 0.02 3.47 5.85 2.46 3.78 0.   0.   0.66 7.45 0.08 5.05 4.59 2.57 1.02
 8.27 0.95 5.93 7.14 4.2  0.44 2.01 0.19 7.37 1.2  1.7  1.87 2.41 0.04
 1.04 0.   0.07 0.37 0.01 0.37 1.67 4.54 9.64 6.53 4.47 4.96 8.21 0.78
 2.6  2.55 5.2  0.23 4.9  4.12 0.51 9.64 3.98 2.41 7.52 1.95 9.19 4.41
 3.74 0.08]","Counter({'Repair': 64, 'Misrepair': 64})",0.5,0.08662058069535207,"[0.9272585818836461, 0.3083165877814301, 0.710618005883564, 0.9789661266820556, 0.4226618567607503, 0.666964514609641, 0.6665746460453938, 0.7253602435826234, 0.35097570611852646, 0.8965950920893939, 0.6730321887629129, 0.36711423529647363, 1.2615763266414466, 0.25678576070073833, 0.132233609613968, 0.8298069044272941, 0.27754142676063215, 0.26936363900789995, 0.4832168146178419, 0.2508177498746457, 0.6122549327810253, 0.5686891767098976, 0.6871634456840819, 1.341113489287022, 0.8060367547067055, 0.5784287168655421, 1.2904765457570435, 0.7926163248637748, 0.939054006171235, 0.3019736159528663, 0.47504124809115184, 0.4381923780428357, 0.6448856084629838, 1.4539147747317593, 0.3851226369380576, 0.47459200471002594, 0.7554051120436347, 0.7237849807429771, 0.3134540105249556, 0.46683318887745073, 0.2505127057743873, 0.6122311022612302, 0.2994824837689768, 0.4710509017366292, 0.49249319966002253, 0.7459272557260754, 0.3229155462384522, 1.2136397212238466, 0.9791196530879085, 0.606660929614794, 0.644106322730275, 0.19134358852385322, 0.394043949516739, 0.8848309055491081, 0.9792358287753007, 1.1335752903624876, 1.2484479546300002, 0.5808578670413117, 0.5207319463852417, 0.748998161315803, 0.6960141946987161, 0.31826020663705806, 0.25594606840502726, 1.6386150646858297, 0.22969551251786605, 0.299926415413638, 0.2670937350354481, 0.7076192839509008, 0.4270069953762466, 0.8003461588402244, 0.5151331794862481, 0.5940460591129271, 0.3609786804959807, 0.840929949294498, 0.5454214392189689, 0.39044506320647265, 0.5486506340829098, 0.4929109281898516, 0.1654719053785558, 0.5250185475370676, 0.49569893714125696, 0.8769946416439238, 1.0165975421079532, 1.3383781076083985, 0.43557508227795666, 0.29165390483407544, 0.5153224381892365, 1.1311283191419195, 0.5456989683328133, 0.35603184361358936, 0.3837607602633479, 1.7726008413325005, 1.2118709686174194, 0.4715244885739001, 0.39873092806815613, 0.4063413277731438, 0.6308418219236104, 0.8717666256853458, 0.396099817251162, 0.6453796185845553, 0.27866522730447396, 0.3594364384186296, 0.5240663873240642, 0.3163749810690628, 0.7151359643251132, 0.38830690683407304, 1.548723872396615, 1.9031791637309552, 1.478436532896633, 1.0931876199625183, 0.2698689025609569, 0.5139223747626493, 0.25251617779347035, 0.45914576609700924, 0.8956568622412092, 0.7718967560898419, 0.3274375817336586, 0.7009526719392833, 1.109521182753206, 0.3190537303878412, 1.9978384214664389, 0.542362456365612, 0.5658697428656059, 0.9613538515945463, 0.24088439280245433, 0.3540349862607638, 0.29963241664936446, 1.724431721448728]"
1,100,3,0.2,15,True,0.008,200,0.01,0.01,0,200,1000,0.1,12,2,0,200,"['Repair', 'Repair', 'Misrepair', 'Repair', 'Repair', 'Repair', 'Repair', 'Repair', 'Misrepair', 'Misrepair', 'Misrepair', 'Misrepair', 'Repair', 'Misrepair', 'Misrepair', 'Misrepair', 'Repair', 'Misrepair', 'Repair', 'Misrepair', 'Repair', 'Misrepair', 'Misrepair', 'Repair', 'Repair', 'Repair', 'Misrepair', 'Repair', 'Repair', 'Misrepair', 'Repair', 'Misrepair', 'Repair', 'Misrepair', 'Repair', 'Misrepair', 'Misrepair', 'Misrepair', 'Misrepair', 'Misrepair', 'Misrepair', 'Misrepair', 'Repair', 'Repair', 'Repair', 'Repair', 'Repair', 'Repair', 'Misrepair', 'Repair', 'Repair', 'Misrepair', 'Repair', 'Repair', 'Repair', 'Misrepair', 'Misrepair', 'Misrepair', 'Repair', 'Repair', 'Repair', 'Misrepair', 'Misrepair', 'Misrepair', 'Repair', 'Misrepair', 'Misrepair', 'Repair', 'Misrepair', 'Repair', 'Repair', 'Misrepair', 'Repair', 'Repair', 'Misrepair', 'Repair', 'Misrepair', 'Repair', 'Repair', 'Repair', 'Repair', 'Misrepair', 'Misrepair', 'Misrepair', 'Misrepair', 'Repair', 'Misrepair', 'Misrepair', 'Repair', 'Repair', 'Misrepair', 'Repair', 'Repair', 'Repair', 'Misrepair', 'Repair', 'Repair', 'Repair', 'Misrepair', 'Repair', 'Misrepair', 'Misrepair', 'Misrepair', 'Repair', 'Repair', 'Repair', 'Misrepair', 'Misrepair', 'Misrepair', 'Repair', 'Repair', 'Repair', 'Repair', 'Misrepair', 'Repair', 'Repair', 'Repair', 'Repair', 'Repair', 'Repair', 'Repair', 'Misrepair', 'Misrepair', 'Repair', 'Misrepair', 'Misrepair', 'Misrepair', 'Misrepair']","[0.04 3.13 7.28 1.89 2.34 3.5  1.19 7.17 4.14 0.68 4.32 7.43 1.13 0.01
 2.12 0.07 3.89 0.   0.16 0.61 1.46 1.2  4.83 0.1  0.59 2.17 2.34 0.43
 3.37 1.46 0.   2.16 1.64 0.92 0.   0.9  0.45 4.28 0.01 0.08 8.71 3.74
 0.28 8.69 0.9  8.32 0.95 7.16 4.7  0.79 3.78 9.74 3.63 6.79 0.98 8.47
 8.62 7.94 3.77 3.63 6.28 1.63 4.39 0.49 4.62 2.97 8.55 1.47 0.8  1.48
 1.09 0.64 0.7  7.29 8.49 9.35 1.9  2.4  2.45 1.35 2.93 0.   4.17 5.72
 0.1  0.28 6.46 9.6  7.   1.15 8.56 0.62 2.11 1.99 5.18 4.91 7.52 0.61
 6.01 7.89 9.96 2.36 1.04 2.32 7.34 0.03 8.55 0.97 9.57 1.61 0.95 3.3
 2.57 2.95 1.59 1.4  0.18 3.18 9.49 5.17 3.23 4.96 6.54 5.37 7.58 2.75
 1.73 6.67]","Counter({'Repair': 69, 'Misrepair': 59})",0.5390625,0.08635583106731225,"[0.8089264212058483, 0.5702684365806258, 0.46081033519463716, 0.5028018841969749, 0.9294221250854068, 0.383716259591688, 1.7146549155345543, 0.2769491770251628, 0.3197054219805283, 0.6728108261678226, 0.4602423608256372, 0.6592552018514677, 0.6441808081490694, 1.0529263248095393, 0.7332148082144534, 0.530722623860732, 0.45092908682634375, 0.3421084347405811, 0.8333226459257483, 0.4993511568647787, 0.8709158808252859, 1.0926420225486166, 2.1013690358824992, 0.44989228644853685, 1.7246730060725215, 0.721528083961799, 1.1979522310181996, 0.39984398433588497, 0.8390591204816721, 0.337786181599595, 0.9853958774413588, 0.6719452346779018, 0.5520079798076369, 0.7604055446409564, 0.4926125051516849, 0.5702126447361412, 0.6209255382472587, 0.3019204650125796, 1.6012958474628924, 0.867416328150161, 0.35560029567013346, 0.6662813349856144, 0.7693633094593902, 0.3859036578836651, 1.486524105300579, 0.49407489146115074, 1.1320627456469858, 0.4152730282145749, 0.36620874915936436, 0.4012918519016935, 0.3007569997692857, 0.150558226255658, 0.845397506380499, 0.30627142240140776, 0.604227939117635, 0.5175850471307155, 0.34689157115215286, 0.3767367338571116, 0.1905932135306407, 1.1736449355318774, 0.4785255616745491, 0.8030408224118746, 0.3662641620695726, 0.45569900000058766, 0.37103092813594274, 0.40914403907007957, 1.4778745277249898, 0.9474971289589561, 0.4953347724451136, 0.7583200538205732, 0.6535116302880895, 1.2281289556007011, 0.3625857739353952, 0.9612142974048281, 0.5193937396862658, 0.2406172590883748, 0.5342527686810296, 2.4514559189280543, 0.383960541008582, 0.4893522063506054, 0.44080841716188035, 0.5015962228344862, 0.3499533942553873, 0.4817075509847319, 0.55612890184456, 0.8063359438792241, 1.014831470253239, 0.5750505462482589, 0.36680883830785777, 0.31507707265812074, 0.1367506550812637, 0.717395586387325, 0.449627172373703, 0.64635227677849, 0.848321945123744, 0.6895198110715043, 0.29234181213902743, 0.9321422273601745, 0.6689732317577153, 0.7671173612094543, 1.2523793529321552, 0.5007421637310382, 0.6098749102298607, 0.7864076484680653, 0.36866580539104016, 0.5301143686791813, 0.7552353189420076, 1.0961384401396463, 0.2824970730342663, 0.6492518763249848, 0.6671954276813876, 0.611992554089134, 0.21195298556782116, 0.7969357911575549, 0.9148354310423723, 0.5923243728478051, 1.2169082003540999, 0.20739509795545877, 0.18664268994911407, 0.5307202583987325, 1.0427605532005684, 0.567533108186933, 0.2522342941922291, 0.2671312687672389, 0.8684624276665338, 0.2927161137467862, 0.5174104441209803, 0.45601920295939474]"
1,100,3,0.2,15,True,0.008,200,0.01,0.01,0,200,1000,0.1,14,2,0,200,"['Repair', 'Repair', 'Repair', 'Misrepair', 'Repair', 'Misrepair', 'Repair', 'Misrepair', 'Misrepair', 'Misrepair', 'Repair', 'Repair', 'Misrepair', 'Misrepair', 'Misrepair', 'Repair', 'Misrepair', 'Misrepair', 'Misrepair', 'Misrepair', 'Misrepair', 'Repair', 'Misrepair', 'Misrepair', 'Repair', 'Misrepair', 'Repair', 'Repair', 'Misrepair', 'Misrepair', 'Misrepair', 'Repair', 'Repair', 'Repair', 'Repair', 'Repair', 'Misrepair', 'Misrepair', 'Repair', 'Repair', 'Misrepair', 'Misrepair', 'Misrepair', 'Repair', 'Misrepair', 'Misrepair', 'Repair', 'Repair', 'Repair', 'Repair', 'Misrepair', 'Misrepair', 'Misrepair', 'Misrepair', 'Misrepair', 'Misrepair', 'Misrepair', 'Repair', 'Repair', 'Misrepair', 'Misrepair', 'Misrepair', 'Misrepair', 'Misrepair', 'Misrepair', 'Misrepair', 'Misrepair', 'Repair', 'Misrepair', 'Misrepair', 'Repair', 'Misrepair', 'Misrepair', 'Repair', 'Misrepair', 'Repair', 'Repair', 'Repair', 'Repair', 'Misrepair', 'Repair', 'Misrepair', 'Repair', 'Repair', 'Misrepair', 'Repair', 'Misrepair', 'Repair', 'Misrepair', 'Misrepair', 'Misrepair', 'Repair', 'Misrepair', 'Repair', 'Misrepair', 'Repair', 'Misrepair', 'Repair', 'Repair', 'Repair', 'Misrepair', 'Repair', 'Misrepair', 'Repair', 'Repair', 'Repair', 'Misrepair', 'Misrepair', 'Repair', 'Misrepair', 'Repair', 'Misrepair', 'Repair', 'Misrepair', 'Misrepair', 'Repair', 'Misrepair', 'Repair', 'Misrepair', 'Misrepair', 'Misrepair']","[3.   0.34 0.   1.49 0.32 0.09 8.19 6.61 0.16 0.7  2.12 0.58 4.   0.
 3.9  6.96 0.49 5.33 2.47 8.06 1.41 0.92 5.51 0.41 3.8  1.67 0.14 0.67
 2.79 0.2  3.41 0.   1.81 5.34 1.62 3.2  9.93 0.79 1.02 0.05 1.12 1.85
 9.24 6.16 2.75 2.96 0.58 6.3  1.5  1.35 0.31 5.54 8.83 8.02 2.6  4.58
 0.27 0.97 1.03 0.06 4.43 0.58 1.12 6.54 0.33 0.71 2.97 0.01 1.29 2.04
 4.27 0.   5.   6.5  5.35 0.12 0.11 1.64 5.6  6.67 6.37 3.88 6.1  0.97
 9.69 1.48 2.17 1.09 0.64 7.21 4.48 1.79 3.19 0.64 5.05 3.38 5.22 0.
 0.   0.46 6.55 0.54 3.42 3.66 0.63 4.26 1.03 7.15 0.01 2.33 3.74 6.7
 1.9  1.62 2.91 6.43 4.79 0.04 1.25 4.42 6.54]","Counter({'Misrepair': 68, 'Repair': 53})",0.4380165289256198,0.08840369285894853,"[0.7626304744662582, 0.4067842450985401, 0.60198452966428, 0.8615953038196702, 1.8632439854611502, 0.5168534121012536, 0.5210085101467665, 0.8070442020050588, 1.3790242281167064, 0.9991519978044687, 0.2040047566148554, 0.6270000930374705, 0.5655478338219606, 0.8677795308839816, 0.7424089370407576, 0.46011526972965866, 0.7183037540041581, 0.6684756061777635, 0.5276610280140338, 0.23674607315566068, 0.43632221661225346, 0.5529461886285055, 0.29837631674192044, 0.38328732050344255, 0.5189844252614053, 0.36622535996585737, 0.36752206288603945, 2.190250159383969, 0.38389671058031505, 0.6740034226880556, 0.5924395736858773, 0.5198328676820553, 0.8544984257127052, 0.8543517527398145, 0.25840055006046003, 0.2964254598427473, 0.6589528647360313, 0.9298250898893037, 0.44509965602304397, 0.4807978784019161, 0.8475622685304438, 0.593062908304123, 1.0999599116638537, 0.43075267517243865, 0.3628544419334676, 0.8413352406506759, 2.0455367494022685, 0.5141916325797034, 1.0042126238803346, 0.38212818728760256, 1.1036475353011728, 0.43845469748588056, 0.5637412440437424, 0.25034291327259334, 0.7296823416745164, 0.7776224064699232, 0.676005991280679, 0.24411191400397603, 1.1219220966605017, 0.3479943722139196, 0.670576320955044, 0.584665946462608, 0.4923588100950462, 0.14842758417840649, 0.5069834598056808, 0.36673755641466416, 0.543420601617741, 0.24273908341860714, 0.40901122287112995, 0.7170849983089359, 0.44276936394891736, 0.5505333307830054, 0.7238014151883856, 0.3255726246401487, 0.5123529599924099, 1.8366596936830986, 1.2641472069240252, 0.38580684880384325, 0.38125143593733674, 0.31744362950841803, 0.23611389296026744, 1.048438847433161, 0.5340953703842423, 0.3747304357322573, 0.45810864697526427, 1.0312997429989395, 0.6370452324827695, 0.6828922103849068, 2.1399458512018104, 0.21846609939368442, 1.43724146840566, 1.3127468848044368, 0.4022038857252592, 0.9613784193726425, 0.1785933986828314, 1.1544459511165088, 0.314788712051245, 0.5735256562261928, 0.6366935015303887, 0.7162127140953339, 0.48985874932553164, 0.37000767212699437, 0.53472020409687, 0.3804417515095329, 0.12872003907202212, 0.248616231261859, 0.5066412082995085, 0.47879269535466923, 0.6506220262675061, 1.0699557746130872, 0.919500109913517, 0.2305909130845617, 0.8043761726056097, 2.1783531475513507, 0.5305308280374108, 0.8700151820661662, 0.7330088189689578, 0.2763694806800216, 0.5510499779101582, 0.7117383630468871, 0.32955732828277035]"
1,100,3,0.2,15,True,0.008,200,0.01,0.01,0,200,1000,0.1,16,2,0,200,"['Repair', 'Misrepair', 'Repair', 'Repair', 'Repair', 'Repair', 'Repair', 'Repair', 'Repair', 'Repair', 'Misrepair', 'Repair', 'Repair', 'Misrepair', 'Misrepair', 'Repair', 'Misrepair', 'Misrepair', 'Repair', 'Repair', 'Repair', 'Repair', 'Misrepair', 'Repair', 'Misrepair', 'Misrepair', 'Misrepair', 'Repair', 'Repair', 'Repair', 'Misrepair', 'Repair', 'Misrepair', 'Misrepair', 'Misrepair', 'Misrepair', 'Repair', 'Misrepair', 'Repair', 'Repair', 'Misrepair', 'Repair', 'Misrepair', 'Repair', 'Misrepair', 'Repair', 'Repair', 'Repair', 'Misrepair', 'Misrepair', 'Repair', 'Misrepair', 'Repair', 'Misrepair', 'Repair', 'Misrepair', 'Repair', 'Repair', 'Misrepair', 'Repair', 'Misrepair', 'Misrepair', 'Misrepair', 'Repair', 'Repair', 'Misrepair', 'Misrepair', 'Misrepair', 'Misrepair', 'Repair', 'Misrepair', 'Repair', 'Repair', 'Repair', 'Repair', 'Repair', 'Repair', 'Repair', 'Misrepair', 'Repair', 'Misrepair', 'Misrepair', 'Misrepair', 'Repair', 'Repair', 'Repair', 'Misrepair', 'Repair', 'Repair', 'Repair', 'Repair', 'Repair', 'Misrepair', 'Repair', 'Repair', 'Repair', 'Misrepair', 'Repair', 'Misrepair', 'Misrepair', 'Repair', 'Misrepair', 'Repair', 'Repair', 'Misrepair', 'Misrepair', 'Misrepair', 'Misrepair', 'Misrepair', 'Misrepair', 'Misrepair', 'Misrepair', 'Misrepair', 'Misrepair']","[1.51 5.97 5.16 0.   4.76 6.88 7.85 4.77 1.38 2.81 1.68 4.2  7.98 6.44
 8.21 1.35 2.6  7.17 0.3  3.29 0.   0.44 0.03 2.23 5.2  7.98 7.47 0.
 0.45 0.19 0.66 9.36 2.23 0.34 4.42 0.72 2.82 0.28 0.19 6.65 4.93 0.07
 6.55 1.56 0.   0.33 2.23 1.49 4.7  0.   1.19 6.2  0.   5.11 7.72 1.13
 2.84 0.09 0.42 6.77 0.   0.03 0.54 1.47 1.64 8.79 0.5  1.74 2.38 8.48
 8.97 0.22 4.22 0.   2.81 2.06 2.68 7.98 1.27 0.77 7.53 4.84 1.99 0.
 0.22 0.   7.3  0.   6.92 1.26 0.2  2.35 3.61 6.38 7.82 4.7  8.94 0.58
 6.33 2.11 5.89 4.85 0.98 0.44 1.99 1.06 0.01 7.5  2.97 9.17 3.93 0.
 5.15 1.23]","Counter({'Repair': 61, 'Misrepair': 53})",0.5350877192982456,0.09155912774968154,"[0.5581689425988849, 0.2538929820239106, 0.36249115811719224, 0.7297355354572239, 1.0470993243041926, 0.8964323920751182, 0.513150877847045, 1.1399596558397116, 0.5482732775151202, 0.7093819930163943, 1.569511784390285, 0.4969152073010953, 0.568854239576877, 0.5192929903167205, 0.5557034403417461, 0.761586258471161, 0.6761168187308564, 0.2624668085228642, 0.6854392384008328, 0.35950805613378384, 1.3753769785810512, 0.8342368042716021, 0.4704217999460939, 0.7979656241683785, 0.5364731178452121, 0.6845436934011218, 0.788737353343299, 0.6734570803600016, 0.4782464664597805, 0.5672143476868653, 0.27226154044614514, 0.36005566424723606, 0.23123208969198927, 0.6271608152767734, 0.8368024988730464, 1.1536048394663636, 0.7544928490837745, 0.22272934491441812, 0.3014025970702534, 0.4529023573904743, 0.2355932463463069, 0.2300182026487435, 0.27801304872273475, 0.6312778621295487, 1.563414197561099, 0.6128212316838195, 0.5016010220792259, 0.593338777706834, 0.9089178050943665, 0.2810805516103019, 1.3675351495348491, 0.22706001054205846, 0.7448445148477082, 1.2534556024348367, 0.8194265990765496, 0.7444095984687564, 1.0286790418998626, 0.8325097005479362, 1.4748579435500107, 0.6623898914621433, 0.5367563625455286, 0.26500420252280504, 0.34395972439158057, 0.7520542768361154, 0.306860795955606, 0.27949409236883754, 0.5450831541752973, 0.36828361531910486, 0.6168695427929783, 0.6563979752229164, 0.5251178416774839, 0.4838239878848018, 0.7627988976809482, 2.029593688301294, 0.6047810865281686, 0.754996109122962, 0.6299628457907425, 0.22498925224960356, 0.7459553685285879, 0.9039380816119393, 0.39094461922597773, 0.5651515530588295, 1.1475472021967168, 0.6876926312364042, 0.496381084491642, 0.3449726003767558, 0.5361905428455153, 1.6805433140940156, 0.28816971336359776, 0.2414667114641534, 1.0939183683848415, 0.7306818896976597, 0.20431847567768063, 0.2884156574960038, 2.260584635060344, 1.045273261451104, 0.5371090658251463, 0.8771594011201777, 0.7567112640949557, 0.6466024404344718, 0.38758754853846566, 0.2576084460674162, 0.40835844095138385, 0.41568826344158055, 0.45942021999639204, 0.740896602411278, 0.17964912658713786, 0.20905392964533892, 0.47404464585605877, 0.297059863350507, 0.15501620917881337, 0.9466635352445791, 0.334249842299586, 0.43624531265471966]"
1,100,3,0.2,15,True,0.008,200,0.01,0.01,0,200,1000,0.1,18,2,0,200,"['Repair', 'Misrepair', 'Misrepair', 'Repair', 'Repair', 'Repair', 'Repair', 'Misrepair', 'Misrepair', 'Repair', 'Repair', 'Misrepair', 'Misrepair', 'Repair', 'Repair', 'Misrepair', 'Repair', 'Misrepair', 'Repair', 'Repair', 'Repair', 'Misrepair', 'Misrepair', 'Misrepair', 'Misrepair', 'Misrepair', 'Repair', 'Repair', 'Repair', 'Misrepair', 'Repair', 'Repair', 'Repair', 'Repair', 'Repair', 'Misrepair', 'Repair', 'Misrepair', 'Misrepair', 'Repair', 'Repair', 'Misrepair', 'Repair', 'Repair', 'Repair', 'Misrepair', 'Misrepair', 'Misrepair', 'Misrepair', 'Misrepair', 'Misrepair', 'Repair', 'Misrepair', 'Repair', 'Misrepair', 'Misrepair', 'Repair', 'Repair', 'Repair', 'Misrepair', 'Repair', 'Misrepair', 'Repair', 'Repair', 'Repair', 'Repair', 'Misrepair', 'Repair', 'Misrepair', 'Misrepair', 'Repair', 'Repair', 'Misrepair', 'Misrepair', 'Repair', 'Repair', 'Repair', 'Repair', 'Misrepair', 'Repair', 'Misrepair', 'Repair', 'Repair', 'Repair', 'Misrepair', 'Misrepair', 'Misrepair', 'Misrepair', 'Misrepair', 'Repair', 'Misrepair', 'Misrepair', 'Repair', 'Repair', 'Misrepair', 'Repair', 'Misrepair', 'Repair', 'Repair', 'Repair', 'Misrepair', 'Misrepair', 'Repair', 'Misrepair', 'Repair', 'Repair', 'Misrepair', 'Misrepair', 'Repair', 'Misrepair', 'Repair', 'Misrepair', 'Repair', 'Repair', 'Repair', 'Misrepair', 'Repair', 'Repair', 'Repair', 'Repair', 'Misrepair']","[0.   4.17 4.83 3.78 8.44 0.59 1.12 7.2  5.36 6.86 1.   1.8  7.59 6.51
 3.58 5.64 7.21 6.96 3.82 1.13 6.75 0.44 3.24 0.08 1.64 0.   0.76 0.66
 0.   8.11 4.45 1.58 8.95 5.63 6.73 8.12 6.62 3.92 3.87 0.29 6.87 7.11
 0.   7.06 0.2  0.22 3.36 0.5  0.41 0.62 0.3  0.8  7.86 0.67 5.43 5.95
 0.87 7.84 7.92 1.31 0.22 0.55 2.24 1.09 1.53 0.18 0.05 0.   2.51 8.13
 6.73 0.06 5.74 4.29 0.   4.51 0.65 7.93 4.57 0.58 0.21 0.05 0.07 0.
 3.71 7.13 4.51 4.95 2.77 0.22 4.45 9.99 1.26 0.1  8.31 1.86 1.9  2.82
 4.15 5.48 7.24 1.79 0.67 5.71 1.28 0.66 5.06 6.88 2.92 0.02 3.18 0.11
 6.18 5.8  0.3  1.11 0.62 1.19 0.28 0.96 7.22]","Counter({'Repair': 67, 'Misrepair': 54})",0.5537190082644629,0.08857523171742217,"[0.8712742514787063, 0.2747527493233895, 0.469495113246323, 0.5797302965252442, 0.35286118860401516, 2.5062134742458535, 0.3787764511085608, 0.343386569650731, 0.4368091333230493, 1.0862632115176358, 0.9512475266514369, 0.6122338137307936, 0.7769170866418711, 0.3631716906976588, 0.21906232397575198, 0.41249625059019324, 0.29349587199598903, 0.5603627330587173, 0.969726860331008, 0.509282762415501, 0.48519486470097256, 1.4490054500494898, 1.815309473735365, 0.15987174326524173, 0.1599701081956415, 0.4767551751751691, 1.8124932310483723, 0.8577298561124326, 0.6924891045144266, 0.47201520197573643, 0.4507288591775982, 0.5280432943298851, 0.20523741808851562, 0.47800632299962353, 1.1449213982271402, 0.17178422082200218, 1.3548984391352799, 0.6079151924239101, 0.40778870792375316, 0.7413424071734765, 0.45081934711371846, 0.27604805525016557, 1.9945920052846986, 0.30302474804744195, 0.6634995886846282, 0.5354059842692298, 0.8756745586862656, 0.2493972916160665, 0.8672341124515008, 0.5474222153336319, 1.2666410621465032, 0.48424330809443406, 0.49427782177720914, 0.5177610273777556, 0.8817286354154541, 0.6114804142983039, 0.9492928219285846, 0.4882229216395131, 1.3097687539342147, 1.2160349196719562, 0.514192261177221, 0.6665787472261561, 0.5391168390559088, 2.0215207360529583, 0.7827794404339578, 0.7108323437352324, 0.7852075044956949, 0.28430550561270423, 0.7133926003118034, 0.7086334643151426, 0.5710027424052051, 0.3648341169764715, 0.6769018612849748, 0.8099508367516296, 0.3917804634367918, 1.1223216024466363, 0.45157138629008686, 0.2527546353443977, 0.6877818144103398, 0.2938953574325149, 1.0101756292214066, 1.3227794011546357, 1.3284223507870274, 0.9887047726323008, 0.5359166389425316, 0.5660926361780424, 0.3361936080003277, 0.41515103376429513, 0.3539915949701925, 0.6239232691747391, 0.5360609799953727, 0.5151532112696209, 0.5430725183787097, 0.574773170479272, 0.8938504920887929, 0.52424201772322, 0.2668981291443168, 0.48437275044988654, 0.916078413338801, 0.999527912605836, 0.3215619552293168, 0.5213707875967828, 0.3046540916181258, 0.6694444249696221, 0.750449113393702, 0.4893931533512925, 0.5914326324360156, 0.4150071310661001, 0.21668764615341285, 0.564510143145705, 1.1488544583481493, 0.6541257645300719, 0.5041571142082104, 0.44044136769712167, 0.617000391975607, 0.5556675626163218, 1.0358193618147582, 0.23985474902458104, 0.21191529610285978, 1.5840227891103482, 0.6443729679683021]"
