experimentSetID,numMonomers,dim,b,Nc,keepCL,diffusionConstant,numRealisations,dt,dt_relax,numSteps,excludedVolumeCutOff,waitingSteps,encounterDistance,genomicDistance,Nb,Nc_inDamageFoci,distanceThreshold,iterationsNumber,a1-a2_ComebackRate,a1-a2_ComebackAmplitude,a1-a2_meanComebackTime,a1-a2_stdComebackTime,a1-a2_meanComebackTime_dx,a1-a2_TakeoffRate,a1-a2_TakeoffAmplitude,a1-a2_meanTakeoffTime,a1-a2_stdTakeoffTime,a1-a2_meanTakeoffTime_dx,a1-b1_ComebackRate,a1-b1_ComebackAmplitude,a1-b1_meanComebackTime,a1-b1_stdComebackTime,a1-b1_meanComebackTime_dx,a1-b1_TakeoffRate,a1-b1_TakeoffAmplitude,a1-b1_meanTakeoffTime,a1-b1_stdTakeoffTime,a1-b1_meanTakeoffTime_dx,a1-b2_ComebackRate,a1-b2_ComebackAmplitude,a1-b2_meanComebackTime,a1-b2_stdComebackTime,a1-b2_meanComebackTime_dx,a1-b2_TakeoffRate,a1-b2_TakeoffAmplitude,a1-b2_meanTakeoffTime,a1-b2_stdTakeoffTime,a1-b2_meanTakeoffTime_dx,a2-b1_ComebackRate,a2-b1_ComebackAmplitude,a2-b1_meanComebackTime,a2-b1_stdComebackTime,a2-b1_meanComebackTime_dx,a2-b1_TakeoffRate,a2-b1_TakeoffAmplitude,a2-b1_meanTakeoffTime,a2-b1_stdTakeoffTime,a2-b1_meanTakeoffTime_dx,a2-b2_ComebackRate,a2-b2_ComebackAmplitude,a2-b2_meanComebackTime,a2-b2_stdComebackTime,a2-b2_meanComebackTime_dx,a2-b2_TakeoffRate,a2-b2_TakeoffAmplitude,a2-b2_meanTakeoffTime,a2-b2_stdTakeoffTime,a2-b2_meanTakeoffTime_dx,b1-b2_ComebackRate,b1-b2_ComebackAmplitude,b1-b2_meanComebackTime,b1-b2_stdComebackTime,b1-b2_meanComebackTime_dx,b1-b2_TakeoffRate,b1-b2_TakeoffAmplitude,b1-b2_meanTakeoffTime,b1-b2_stdTakeoffTime,b1-b2_meanTakeoffTime_dx
0_0,100,3,0.2,5,False,0.008,800,0.005,0.01,15000,0,250,0.05,3,2,0,0.05,800,2.5966834540478057,3.4794517923803467,2.2800226449275365,7.567713819822096,0.44641238521304155,238.35898266291045,586.131619546273,0.0173206106870229,0.018659163549309646,0.0010104448037838805,2.2108347986740813,2.740467800795598,2.811955252918288,8.756743603136478,0.5353060450987139,-1,-1,0.016577235772357726,0.017189526084019646,0.000960654936884311,2.9591875725163703,4.278455764234325,2.0378527607361963,7.090365843688111,0.5442531078480265,-1,-1,0.016534591194968553,0.016535754998981377,0.001149467075048289,2.128333710700336,2.4601914056171323,2.8177312457247092,6.948577122773998,0.11873356728983445,172.1835705423963,338.2513213906532,0.01710762171076217,0.018506995648116947,0.00030715075963907204,2.5226512289569722,3.488268944054411,2.2706033820138356,7.289621161132096,0.39611599725240226,247.09668047804038,640.574185123753,0.016937500000000005,0.018649627174557672,0.0009375715740222043,2.1817822655818966,2.823648719442842,2.3801813953488375,7.980983773342203,0.4770987371907018,-1,-1,0.01648334624322231,0.017991399786064177,0.0009814267800240931
0_1,100,3,0.2,5,False,0.008,800,0.005,0.01,15000,0,250,0.05,12,2,0,0.05,800,2.394627918733988,3.1766685025559536,2.2734598459845983,7.919806127113967,0.5148594402011141,-1,-1,0.01650765076507651,0.017434451883638197,0.001025197031891081,2.7522406348458377,4.343571469003288,1.746163663663664,6.28066892431673,0.47700711569322213,326.2633647578209,1234.5249767362168,0.016345679012345682,0.018305811324348505,0.0012606732675155491,2.2301592388139215,3.021229069156044,2.193211920529801,7.996490020794213,0.7363874357427538,-1,-1,0.016571428571428574,0.017620358702828003,0.0014594082704986978,2.8931949330199362,4.113970370073544,1.7715092592592592,6.343041086272143,0.3783046836011843,325.3284439698967,1172.9818209685411,0.017541415662650602,0.018472295319787453,0.0009935229347828702,2.79130157586185,4.1041639794307825,1.763647234678625,6.0519955819784,0.45860798780491324,259.9997195537487,698.3693530195023,0.016878751500600243,0.017984745900788232,0.0012213436446868444,2.346191581973983,3.3546190755068386,2.255117508813161,8.194795695099973,0.5505913978678654,281.2308578167627,836.1248339561884,0.016534416826003824,0.017200378541853197,0.001042385193778419
0_2,100,3,0.2,5,False,0.008,800,0.005,0.01,15000,0,250,0.05,30,2,0,0.05,800,2.4332761228391133,3.2306222121179724,2.336415662650603,8.188873395275511,0.5571102923119933,334.26394112812676,1313.7265541670833,0.01584720861900098,0.01653779586318279,0.0010144270637234439,3.841443124876778,6.88024290064869,2.543246153846154,7.628765864563636,0.8294088727178366,378.92740573796556,1792.3060137542152,0.01720588235294118,0.019526547155841362,0.0018947479435391004,2.818750572486619,3.6402682689478096,2.2594225721784778,7.5665169096663885,0.7597830322272363,-1,-1,0.01727078891257996,0.018235407450306204,0.0016503844445001528,3.769827743566375,5.325417450834821,1.830205655526992,6.304629390946914,0.6265285023797066,-1,-1,0.017474747474747476,0.017328870890810297,0.0015265946565070705,3.629217853374968,4.845914580116892,1.8564010282776353,5.955752282282791,0.5918585100848754,294.19391388214365,978.5388316038047,0.016680584551148226,0.01766790193372489,0.0015822434069049454,2.4600173065602715,3.592472124028271,2.4342479253112037,8.857565994225503,0.559154663238376,297.4647085740478,945.6716203453194,0.016897872340425536,0.01855337887861643,0.0010608650733355477
1_0,100,3,0.2,10,False,0.008,800,0.005,0.01,15000,0,250,0.05,3,2,0,0.05,800,2.7066429359456325,3.7363919517424926,2.644910641754671,8.178160850618868,0.45685953462091583,349.51486307412677,1430.015779969534,0.016693548387096777,0.017600179046325423,0.0008942762389926573,2.418693490626152,3.4183861828049626,2.351326616288833,7.704859181004885,0.4375874886394388,277.68766843087195,805.6481688042645,0.017053258584442888,0.019150383221716482,0.0009936228126335286,2.6881067089791397,3.788281025179855,1.7162511848341233,6.102045263403232,0.3682182132924018,236.11787176954493,575.4883196241461,0.017401129943502826,0.018276895412143713,0.0010177071947497982,2.182011284498311,2.5551413339356497,2.7583938743804097,6.941870353116881,0.11702870867892906,141.0442080316749,247.0327525888936,0.01693859710469264,0.017858184550941365,0.0002927120120862246,3.0003410951174367,4.3196917879907595,2.3683012583271648,7.2811206203491725,0.38826355130476436,285.86377265276275,864.0136034930189,0.01724904701397713,0.018087363409352478,0.0008935708067883922,2.39220526148539,3.2817991037300613,2.9234959647835654,9.382022439749424,0.4980863163787166,274.4746010542887,778.0427641207575,0.017164179104477612,0.01799614138984092,0.0008796146334636862
1_1,100,3,0.2,10,False,0.008,800,0.005,0.01,15000,0,250,0.05,12,2,0,0.05,800,2.472780685378321,3.463947810807515,2.147061769616027,6.672175298322388,0.37782884471815564,142.74904576713027,256.91092170986167,0.016498973305954828,0.018251180162303975,0.0009358837693430341,2.2274821837324854,2.801364915452667,2.046302742616034,7.079687971093892,0.45067764865359755,295.69150371874775,940.8668826430871,0.016291702309666384,0.016935936491238007,0.0009708631832099087,2.6545706474406443,3.549847219797292,1.9989081145584726,6.7345786293535905,0.4559786305447666,352.0772600290166,1473.3004836192783,0.016347695390781566,0.0175707088450647,0.0010901344971699606,2.348970373113182,3.2366922574631523,2.172332317073171,7.421470650120631,0.4015865215101273,296.45606551138076,918.7319754301883,0.017857590966122962,0.01882376619782376,0.0009240988564947061,3.030466209522908,4.060593462643314,2.207367149758454,6.910580154234491,0.42101774914151185,299.99453718615325,944.7888567569659,0.01809910641754671,0.019111071918543946,0.0010676086692709317,2.566071962347284,3.6829355176890792,2.164768292682927,7.712933587130285,0.4310454920118936,-1,-1,0.01705683355886333,0.01752047373752155,0.000893232876135128
1_2,100,3,0.2,10,False,0.008,800,0.005,0.01,15000,0,250,0.05,30,2,0,0.05,800,2.3432859234510426,3.1107691159281066,2.215902716914987,8.070057079785233,0.46826301346166355,-1,-1,0.016378437047756874,0.017950306815723193,0.0009463982444132891,3.1760983793019437,4.254084477124752,1.7677735368956744,5.9091538838495925,0.4131141761475425,369.39931281608483,1708.807688815952,0.016098204857444565,0.017395270174497948,0.0011079298420443961,2.6607026768977646,3.9037344884762133,2.2600986842105266,6.975064706132489,0.4959038911534095,326.5113721918378,1212.171910317347,0.01676148796498906,0.017964346052027295,0.0011646471972731262,2.92956880452853,3.9501348398786598,2.4707579787234044,7.986244542059468,0.5708076111915293,-1,-1,0.01606832971800434,0.01745998509228285,0.0011270274123503603,2.6783284871921604,3.943872556045164,2.09125,7.379269407612896,0.5246415004418801,339.52004141492887,1318.6079098005646,0.017603036876355754,0.019607114768946284,0.001265622834435813,2.3504711372412905,3.295249649357657,2.1559879336349925,7.641649801820965,0.4113120570776391,347.7394141282312,1368.2353391718443,0.017449044585987263,0.018254367308640867,0.000902969393892817
2_0,100,3,0.2,15,False,0.008,800,0.005,0.01,15000,0,250,0.05,3,2,0,0.05,800,2.3476426868074904,3.0960474475184916,2.6893212435233163,8.229188793079144,0.3671423156846418,214.4495249677129,484.0455638305888,0.01792920353982301,0.019549785239369618,0.0008060163335598978,2.333462455737851,3.0392269734216373,2.487559074912016,7.953091791365464,0.34952212711218705,268.52555181283253,756.6966883848823,0.016413230240549827,0.017564320584832854,0.0007135032220281807,2.2250943282583395,2.92433739982997,2.0091427432216906,7.138534237179363,0.3951084791650241,247.93585914091963,635.5680704500137,0.01736267372600927,0.019115367028911527,0.0009638434056525342,2.2735692492742166,2.6862010740442037,2.7767959431740485,6.950406232816741,0.11873775118102586,172.81231422987034,341.729101014448,0.01705791699519748,0.018569007970002813,0.0003081357616452204,2.3598196807223206,3.279863478389205,2.4286076280041793,7.615066076893136,0.3411605302581233,286.50288245751545,875.3022853837036,0.016498219056099737,0.01759573094520636,0.0007277102765883317,2.426769021977325,3.114541182362298,2.652747055811572,8.196075471978553,0.36350542656429635,279.20741282620236,819.1998261375162,0.017154756685664182,0.018508435827893396,0.0007595618546003256
2_1,100,3,0.2,15,False,0.008,800,0.005,0.01,15000,0,250,0.05,12,2,0,0.05,800,2.215592117130787,2.7744731747770146,2.463355145746579,7.8260217939233785,0.3741220174656054,-1,-1,0.016718828874305907,0.01765781066490211,0.0007775900404151878,2.728015507862744,3.7023765629954712,2.2020022539444026,7.2040582356825364,0.38702966897382,-1,-1,0.0170625,0.01836766435206175,0.0009000155532510257,2.224595249940337,2.943052079927179,2.3705775716694775,7.55321704404631,0.4298784668480434,235.18583211051984,593.1056423794414,0.01735418130709768,0.019369243621496546,0.001006389930940154,2.4086564555326495,3.4105360850647455,2.183500272182907,7.402256600023476,0.338505421776712,183.8125101867877,378.09712677127567,0.017196132596685083,0.018405280483711067,0.0007740492623034623,2.716674383351999,3.822441544390301,1.740169836956522,6.542144157304985,0.3342121821311543,187.92022263944108,394.9442487917886,0.016765042979942694,0.01769388976530616,0.000830197981178929,2.4869799637433796,3.4720976897964992,2.578336820083682,8.36268632468502,0.43283991478516937,193.65717532852807,412.52896908842627,0.016860803727431567,0.017771600375359804,0.0008406156334826411
2_2,100,3,0.2,15,False,0.008,800,0.005,0.01,15000,0,250,0.05,30,2,0,0.05,800,2.392257146493881,3.207028485239853,2.459290566037736,8.292772879140326,0.44652718407582664,252.8077812046204,674.7957046419598,0.0163929889298893,0.017417347957869082,0.0008465991514480298,2.993518732609445,4.197978562603623,2.298674211802749,7.349911290535746,0.4095937479706866,-1,-1,0.017127297481279783,0.017701041943598707,0.0009051988731130779,2.5901741466563446,3.6221663215277444,2.163591439688716,7.27759364228201,0.397916831546454,252.40209010190392,671.0336113913957,0.016474233529028052,0.017954211389094848,0.0008987757126581229,2.7762701404631533,3.7244682880426736,1.7134462729912878,6.169383609821858,0.37622503038220534,309.1897328733425,1066.0287073055167,0.016712816455696205,0.017477760560766248,0.0009635368301678071,2.4711013129325807,3.353625919976752,1.9639488409272583,6.550594776098133,0.3630012754978511,306.00433861066983,1058.676910168722,0.01591304347826087,0.017025039510553338,0.0008630254511074003,2.7213722521423023,4.025722489645215,2.281543427230047,7.826307134100285,0.3716021032460717,344.87667250281214,1402.188321438716,0.0166575682382134,0.017491773636627617,0.0007637520598743981
3_0,100,3,0.2,20,False,0.008,800,0.005,0.01,15000,0,250,0.05,3,2,0,0.05,800,2.4159932691812274,3.3432285759516844,2.507110726643599,7.619270798432771,0.31058148754606374,300.37842388292444,978.4804616551796,0.016698670605613,0.017055562549796538,0.0006423885476214381,2.895768012216689,3.8410152598642497,2.5465637945318975,7.627686917672551,0.30428482723771727,200.48625048813955,430.4777689631907,0.017626480086114105,0.019396844869085432,0.0007201428936431512,2.238500175252016,2.8423047376083788,2.3338109266202465,7.453844805803032,0.33811486026887166,301.5686961159681,990.8549621927122,0.01683492496589359,0.017722419826658342,0.000740741159507878,2.1762742909041637,2.534568933889824,2.7323681218735794,6.791673390204893,0.11588964275965913,167.11273713357065,322.1432086464396,0.017194834001144823,0.018503117953451727,0.00030676763821317024,2.403509307144442,3.1716269436742928,2.6625082101806243,8.377219189226796,0.3326728112747331,138.66710586993187,240.13900470760504,0.016893805309734517,0.01869473582232497,0.000689391902185596,2.662169661049843,3.559818683788927,2.412426294820717,7.673228555418577,0.3001907770021882,203.6108909963237,456.6732822370012,0.016503966885132806,0.018272615584445956,0.0006651700423236149
3_1,100,3,0.2,20,False,0.008,800,0.005,0.01,15000,0,250,0.05,12,2,0,0.05,800,2.435712336484794,3.049631076812947,2.7315258449304176,8.104208754444468,0.35412183219309323,255.34461572907142,668.5211511079634,0.016668083297917552,0.01710480894913567,0.0006911357140898746,2.5306634230195773,3.416646505562251,2.2325947368421053,7.123762914135648,0.320323446185799,237.87973740139572,581.1918527276345,0.017139358860195904,0.0183289592802689,0.0007580345521851989,2.449472228587239,3.3510180791205597,2.50341349156777,7.83865704880067,0.3839742221896832,164.4053735416289,316.3523795402965,0.01691361256544503,0.018125229676440417,0.0008128733888662521,2.6210407076481803,3.7612646578540017,2.274638069705094,7.230107086609515,0.2995509905372866,212.43666217749774,484.5171612677652,0.01739984591679507,0.01913276701039207,0.0007360062634183426,3.1486376724638916,4.631459153188502,2.284209860935525,7.158916657793109,0.3527768989450544,269.08243286828144,759.0479079501473,0.01752259436469963,0.019572861596581823,0.0008845369890861591,2.563903505708436,3.532658464637644,2.533725925925926,8.049641993814825,0.3506066290639346,199.56232730823402,432.28694676579016,0.01741705165896682,0.01839832803451504,0.0007390175151207466
3_2,100,3,0.2,20,False,0.008,800,0.005,0.01,15000,0,250,0.05,30,2,0,0.05,800,2.49119475818492,3.3279861137277287,2.8717301658449124,8.58461452041782,0.35622720615953074,300.65806084063104,980.1862703849594,0.01684393063583815,0.01780813816589085,0.0006851819391330213,2.588193534501751,3.5390967038541,2.345284280936455,7.024773739399222,0.3560965906489923,237.09065465420818,578.3896117688138,0.017409167132476245,0.01855854257006131,0.0008599927073835335,2.68843183078728,3.5122582209315723,2.3972172949002224,7.248529039967251,0.33449350393506616,194.4721605108206,411.04952088345954,0.016636064030131827,0.01732376525215889,0.0007367516298735611,2.365942035354425,3.199433499267552,2.1239625080801554,6.996818799248608,0.3486675590764435,201.33420987984783,451.3707071321157,0.01657692307692308,0.018295111800895606,0.0008405343089026298,2.5365896366511,3.228166263828932,2.4974984765386963,7.437845178108223,0.3598727104983449,119.5874493835801,188.32434952590214,0.017941176470588238,0.02018727201870261,0.0008987870784191292,2.4956742913250256,3.45033688716815,2.328236763236763,7.542804967722949,0.3304128379794689,296.2986952421233,933.2185894057565,0.01706734867860188,0.01786116008558965,0.0007227726834748661
4_0,100,3,0.2,25,False,0.008,800,0.005,0.01,15000,0,250,0.05,3,2,0,0.05,800,2.1463644034933598,2.7616459840612353,2.6570703271906733,8.156246345484666,0.3100182333670967,244.40879234944236,619.8037244294967,0.01705701328150308,0.018584837002119582,0.0006556114248570613,2.473105668505565,3.3538915568719467,2.5390970350404314,7.811039330869936,0.3004200549038318,165.38116906676953,317.0995281829789,0.017095175148711172,0.01925467290822585,0.0006860531376140687,2.443642752220763,3.173959618818323,2.553319511130511,7.628260450388425,0.31236979993424197,171.11960255520665,337.8017231915943,0.016890380313199106,0.017997387454494716,0.0006811396330009938,2.2818030386213604,2.6711450767710847,2.8172691229475366,6.971924288114064,0.12229662167450078,192.7215740761925,409.7537297367228,0.016886493819716613,0.017895012256179545,0.0003044986279726714,2.4757854605767435,3.068274532950104,2.5102355341246287,7.341277986314282,0.277119953133985,295.90653116529813,940.8054223298346,0.016564299424184265,0.017393773897073462,0.0006097550486395992,2.2136974007772032,2.868699191217255,2.5188042704626334,7.430616384349932,0.27474370607942383,195.70593941908325,423.8112012007147,0.016967340590979783,0.018228987313180376,0.0006301270529930716
4_1,100,3,0.2,25,False,0.008,800,0.005,0.01,15000,0,250,0.05,12,2,0,0.05,800,2.4967311644099386,3.309833949847108,2.9009147047472017,8.297765980964707,0.31950933202160736,317.633972014291,1113.3642435212587,0.016829268292682928,0.01773943412060633,0.0006355393930322957,2.5319762170347966,3.396241706430503,2.3597902912621365,7.3089682173768,0.2823082228079428,188.13677224401115,397.03752554079784,0.01710969044414536,0.019519137181855516,0.0007017659385533575,2.8917465698018012,3.860352863051309,2.3843653690186537,7.51110472525554,0.29645812157644597,308.19366786932034,1021.7283235416836,0.017305663032008443,0.01861698454505701,0.0006843479643211674,2.228459669014115,2.8426098405793416,2.7920046164772727,8.129277151288699,0.30025598733046754,321.6662450572934,1132.8288209264288,0.017190476190476194,0.018383873123405805,0.0006315643232727411,2.2688503632018913,2.8459924671930845,2.408266843971631,7.573959348015412,0.31254279633553406,207.72158797818557,480.4315323478777,0.016353612167300382,0.017360318598954063,0.0006634923017225508,2.4177138747610867,3.2998997989186436,2.5375870552611657,7.904975808987671,0.3014325933290459,267.01065907726814,744.6829327799608,0.017537853851217908,0.018738904084007194,0.0006663560955837245
4_2,100,3,0.2,25,False,0.008,800,0.005,0.01,15000,0,250,0.05,30,2,0,0.05,800,2.1459593827329444,2.7300452197595115,2.6882362288135595,8.192788019651463,0.301745752088769,266.18507090104254,723.8587178816315,0.01762787136294028,0.018768786310601946,0.000643799549264851,2.7910785837905214,3.6063351043728273,2.3218235572374644,6.835126403674171,0.2913735533985361,148.5826721166411,274.4499770017782,0.01625101378751014,0.017481488557904167,0.0006899822928590687,2.564588804964634,3.291392031129806,2.4104658385093165,7.138910150508392,0.28472750323826923,274.84508095488377,791.5164452389159,0.017523164647184605,0.018964046658873933,0.0007016867134811739,2.336890852078898,3.0233141538101793,2.4031561962134247,7.407894371600034,0.30118461987427764,240.50153392080728,598.6173653525631,0.01696190828402367,0.018339612167790273,0.0006912623047859411,2.5685267463062873,3.4160896007783244,2.59022512864494,7.766415803483178,0.3152190361038404,315.051056269778,1085.0768701762277,0.01707438934122872,0.018052867174721363,0.0006807060112335799,2.3710220019757178,3.192552621656161,2.669388308977035,8.41655591047201,0.33708367898290653,158.22891103789493,298.0417964245492,0.01695799216803133,0.018806797615555086,0.0006954966665375089
5_0,100,3,0.2,30,False,0.008,800,0.005,0.01,15000,0,250,0.05,3,2,0,0.05,800,2.5088048267181837,3.260285850287855,2.767087536609177,7.899559436352442,0.27930432599271526,188.5351386489975,398.9467862831399,0.016545505776275008,0.018102023729992124,0.0005955664182790055,2.419125033685133,3.0350024782871587,2.8947623666343354,8.348553874443414,0.2942235054269339,221.97936657670357,529.5560615243678,0.01709410112359551,0.018320749243513665,0.0006018306517105204,2.507196687834907,3.252205364503104,2.505276215679788,7.714042395581813,0.27499134117455876,207.98995939454574,469.87735181924654,0.017043365881677198,0.018531191797319067,0.0006155240676552615,2.221682407163283,2.5707332833219088,2.750448358998289,6.993759724553632,0.1208871303714671,185.35366601159905,380.39982888285476,0.016943160982764945,0.018068932405679514,0.00030329202686734394,2.332580779510082,3.001668782879942,2.6743874221299317,7.745744072331792,0.261480820115502,289.05459582228576,880.2491819094213,0.017246113989637307,0.01838756754819239,0.0005800784079411008,2.4571083513376246,3.295055244903589,2.5949859313449637,7.971462620207992,0.26208090126260336,302.9408377027817,996.7347896282513,0.016964021685559393,0.017933854886793433,0.0005517898421352727
5_1,100,3,0.2,30,False,0.008,800,0.005,0.01,15000,0,250,0.05,12,2,0,0.05,800,2.494068460356733,3.26678915440732,2.617128728923476,7.660981234751431,0.27038542983292585,206.54789222154096,456.919773563697,0.01748727375565611,0.018625335395253725,0.000613909063572743,2.590141511168184,3.556591634626609,2.4801329043088978,7.451346288895146,0.24429441831822604,311.72771812306263,1059.4191618865682,0.016972579051383403,0.018093916417754444,0.0005574018416253587,2.372558363712439,3.1154427657291186,2.5542846650998823,7.77492286949926,0.26119050494401674,251.80650982467748,643.083869200743,0.017173071962857882,0.01793985070047281,0.000564711972414976,2.4828724402781295,3.0273848484099144,2.773365231259968,8.044915984938822,0.2816169637167409,169.39980716324567,326.87003052416605,0.017083333333333336,0.018327719640238518,0.0005967197465311877,2.426089854777117,3.182997612378634,2.5395546357615895,7.479524058458177,0.2667635961330052,262.64980306000825,722.9209823253544,0.01668062373664453,0.017708526359340077,0.0005898101578892985,2.416528113756292,2.9645538540098726,2.8721759419287936,8.295467771231143,0.30228927215412155,319.0152582326689,1133.2757626365633,0.016939809296781884,0.017861470654250255,0.0006043135186956518
5_2,100,3,0.2,30,False,0.008,800,0.005,0.01,15000,0,250,0.05,30,2,0,0.05,800,2.7721708468329083,3.688841124771607,2.675171436667611,7.605215413092223,0.2509237456767604,212.6298986111631,495.3375146965275,0.016851435705368293,0.01818545469895965,0.0005632211766183877,2.5660781608063536,3.3681662102850387,2.5212922465208747,7.552231468413681,0.2694460031440132,276.99827236060753,810.4461875404351,0.01693562355658199,0.018434286918551333,0.000613894118276266,2.7317705404483252,3.4750382272401654,2.5422080471050053,7.472825902526702,0.2649068670421021,308.6856289604979,1045.2340829653829,0.01697522073483338,0.018266335897379683,0.0006042158257169683,2.5355799996815622,3.2707058308562478,2.580724857046754,7.5086536467773675,0.26991106495973677,247.00934192616256,633.1182330926243,0.01681189284662938,0.018329345598690712,0.0006163895365783917,2.2721072039890786,2.9601120787627395,2.471034022681788,7.187474342432488,0.2572862425301625,198.78933095134582,434.6379918150523,0.01731890331890332,0.019094151260569407,0.0006357769967718473,2.1969109405941336,2.7969777742577793,2.765550324675325,8.17460299270714,0.28870039828868926,140.19952831570342,241.37193989920058,0.017191567628749297,0.0185823341747733,0.0006126649912608649
6_0,100,3,0.2,35,False,0.008,800,0.005,0.01,15000,0,250,0.05,3,2,0,0.05,800,2.37500534810894,3.120841959614725,2.6085011648977483,7.951896617578519,0.25076356907941105,215.81043361136216,503.65254340051007,0.017032854209445586,0.017806263840013915,0.000527160838585291,2.5440657128888575,3.3061428652893765,2.8258575380359607,8.002986715838997,0.2608879478127681,315.42972517895595,1100.976974483042,0.016776729559748432,0.017557528094453666,0.0005352223089278082,2.4316315410556775,3.10859270175701,2.686531638083974,7.59828593287432,0.25608544906674957,200.04559741310396,434.49160660801124,0.01715488215488216,0.017870084131922672,0.0005636801841304326,2.1391661609382946,2.472441298741454,2.7007442690147263,6.856008545429288,0.11707619303141369,263.2124191379166,725.4042284373271,0.016966895958727433,0.01800977948792165,0.0002988023345504339,2.4640664664517704,3.1695219956958387,2.8635200306200566,8.156799070771163,0.25538077697110895,216.15231193581326,509.0272756652941,0.016580965268380692,0.017547329087699067,0.0005164987181372425,2.3683865781277973,3.1314000416307626,2.805463892874223,8.165384931723992,0.2474803491937168,199.95581157065874,438.05047944800225,0.01660903691132796,0.01753940018869292,0.0005006981878358655
6_1,100,3,0.2,35,False,0.008,800,0.005,0.01,15000,0,250,0.05,12,2,0,0.05,800,2.2857605399897545,2.946280165424897,2.7394098798397866,8.147683087345236,0.2609541985195554,176.09776882431734,351.878499979032,0.017262491203377903,0.018517056141061593,0.0005558663039195644,2.548271226034636,3.3119796320989554,2.669098748261474,7.728914358248981,0.2526533837386211,-1,-1,0.016536955457660305,0.017197479010559163,0.0005273168854303048,2.8895895767138993,3.5947793497575127,2.582219882055602,7.17315568952381,0.23560274255439456,214.95086348701358,506.64924023093516,0.01664166256763404,0.01773040234538762,0.0005449930639441715,2.2370105468922086,2.8706758979410405,2.548486788341051,7.5041033643563635,0.24275192731678802,274.5420481883803,795.7964065359571,0.016757112120487687,0.01769725229191863,0.0005363125765428319,2.2711323482023342,2.905565138921013,2.630433197199533,7.437602580246322,0.2489823910886082,168.15621354135735,326.6366343331707,0.01672457843638222,0.018096425253009696,0.0005669417683772668,2.252626962413859,2.911623142458081,2.9372876949740037,8.468638055300609,0.2821019650530587,260.18576214719087,711.8200657802188,0.01694123556002009,0.018208253472135543,0.0005655535514974404
6_2,100,3,0.2,35,False,0.008,800,0.005,0.01,15000,0,250,0.05,30,2,0,0.05,800,2.37067543542419,3.098668915165848,2.691750271149675,7.988862309982772,0.2578371851194404,222.2975325151524,532.8809080758948,0.017139628924833495,0.018568725931946896,0.0005613152273476565,2.44230718267925,3.127861437633226,2.8918662587412594,7.9744136148352585,0.26679715217236843,211.79294743597103,492.5647500121458,0.017124776272053187,0.018923962757527394,0.0005930949798846204,2.657590923916376,3.3146535265885393,2.6275248392752775,7.596257274909315,0.2545163779003243,262.11116205937077,719.1959751119766,0.016974254397145044,0.018357791637733996,0.0005744699996004064,2.7072852120373465,3.4162770608844806,2.5319154087154656,7.19096713646347,0.23786358525713616,225.63583974105782,553.2676009143198,0.01654830614805521,0.017341842777877505,0.0005384397985030315,2.526997523922825,3.0992615523243643,2.589542387797008,7.299371534449018,0.24503495392069663,237.56833376016692,584.3498081764471,0.01697940797940798,0.018363401242243147,0.0005774490663468157,2.4517641105493952,3.162771941671167,2.745831935123043,8.06772903286674,0.26442871809974045,190.99049108229724,399.9789401639996,0.016874233880853153,0.017571668690508083,0.0005392525715997157
7_0,100,3,0.2,40,False,0.008,800,0.005,0.01,15000,0,250,0.05,3,2,0,0.05,800,2.562439529850757,3.335916777863855,2.78205501618123,7.891893843531158,0.23517656815937843,181.69835010927133,375.4029238988091,0.016731125282863607,0.01828738997566165,0.0005140969023512196,2.331034276220709,3.0149134243964273,2.9414652014652014,8.26136046506138,0.24500013772707774,283.88317527883885,845.2311374152769,0.017028455284552848,0.017765443392008744,0.0004964203439075003,2.1641508478304794,2.7269697941150826,2.858684338521401,8.271444567988784,0.25281968272757177,260.71619612651705,700.4982060131306,0.01709006679594915,0.018478988994989502,0.0005316532755910911,2.342655498415215,2.744840694872976,2.706544571600663,6.799339463421655,0.11563546674157699,141.29258915622873,247.39611214910374,0.016759792421980522,0.017875865053293492,0.0002954080970980449,2.445143747521386,3.0772985608379044,2.6710778859527124,7.6483683735743915,0.22823634189782463,192.75865759781735,405.93793632160975,0.017166838311019568,0.018409490572658834,0.0005178490991796132,2.302725387082894,2.8862458466825895,2.8246425049309667,7.845971017880461,0.24146478230593377,281.6146211431387,830.8352795768529,0.01713055797733217,0.018209097406850883,0.0005269055654631045
7_1,100,3,0.2,40,False,0.008,800,0.005,0.01,15000,0,250,0.05,12,2,0,0.05,800,2.3912426284515043,3.0925370252544635,2.711283545974483,7.790052928822497,0.2264549217931907,222.05012170273787,530.1931308243921,0.017152532391048296,0.0189082802730499,0.0005192525430369393,2.534443278143538,3.199538588617294,2.7858708343468743,7.784119085193715,0.23795333957784667,272.94482097350016,878.3242077074656,0.01707026214009454,0.018079695275022907,0.0005194383235919825,2.408615534549542,3.0898432051617344,2.852093945218645,8.082018975027367,0.24554149692982755,244.4990774725626,613.4652454369642,0.017485125371865702,0.018820463058707215,0.0005377252306733964,2.3698313693537534,3.069544319481038,2.8199488883209813,7.889207377563304,0.24719206160347237,262.02538261444704,711.5505865025066,0.017164971751412433,0.018781584745813484,0.0005533904600925375,2.3689103806493916,3.0722112371171124,2.741527149321267,8.034448714172344,0.2368650692546864,197.1699905159928,429.6828649763764,0.01674187725631769,0.018139754716341938,0.000503513761305599,2.3003665737214507,2.9137440314296543,2.7679234285714287,8.062193537165195,0.23890226215532634,201.50805409609626,441.8395341745607,0.016979633401221998,0.01823504584065024,0.0005100610783256662
7_2,100,3,0.2,40,False,0.008,800,0.005,0.01,15000,0,250,0.05,30,2,0,0.05,800,2.3576973794889233,2.9254499336952215,2.925836088804913,8.142027478729997,0.24525236739567494,261.8369597388993,719.4074297562996,0.016575916230366493,0.017342356406532606,0.0004919007567145354,2.6735261416909735,3.4317885206024425,2.598416879795397,7.1707117941244425,0.22476566022741623,270.35149047147155,760.5459172040735,0.017244023455119533,0.01829919711175734,0.0005386296571931875,2.747532935589486,3.427577636006374,2.6894616151545367,7.520006281635983,0.23269862257383028,126.9388710439282,207.7798857918939,0.017152149944873206,0.018543105219084807,0.0005396968562478109,2.4971647157871653,3.1736103315583932,2.8995588235294116,8.095344147754357,0.25374822254452767,247.5097562185778,629.379261493346,0.0173486901535682,0.018956063534291606,0.0005583421581354468,2.355087952088754,2.9326443138746643,3.0353090809628007,8.264001102577174,0.26788188377423233,302.56031101615923,988.6915752105342,0.017083832335329344,0.018196338768956877,0.0005519653877100335,2.2479849738390194,2.8235367490664873,2.9236391778107977,8.31217486968426,0.2563820319989578,169.27015382837746,337.17016997574336,0.016227897838899805,0.01780750398385316,0.0005156784415153539
