experimentSetID,numMonomers,dim,b,Nc,keepCL,diffusionConstant,numRealisations,dt,dt_relax,numSteps,excludedVolumeCutOff,waitingSteps,encounterDistance,genomicDistance,Nb,Nc_inDamageFoci,distanceThreshold,A1,B1,iterationsNumber,a1-a2_ComebackRate,a1-a2_ComebackAmplitude,a1-a2_meanComebackTime,a1-a2_stdComebackTime,a1-a2_meanComebackTime_dx,a1-a2_TakeoffRate,a1-a2_TakeoffAmplitude,a1-a2_meanTakeoffTime,a1-a2_stdTakeoffTime,a1-a2_meanTakeoffTime_dx,a1-b1_ComebackRate,a1-b1_ComebackAmplitude,a1-b1_meanComebackTime,a1-b1_stdComebackTime,a1-b1_meanComebackTime_dx,a1-b1_TakeoffRate,a1-b1_TakeoffAmplitude,a1-b1_meanTakeoffTime,a1-b1_stdTakeoffTime,a1-b1_meanTakeoffTime_dx,a1-b2_ComebackRate,a1-b2_ComebackAmplitude,a1-b2_meanComebackTime,a1-b2_stdComebackTime,a1-b2_meanComebackTime_dx,a1-b2_TakeoffRate,a1-b2_TakeoffAmplitude,a1-b2_meanTakeoffTime,a1-b2_stdTakeoffTime,a1-b2_meanTakeoffTime_dx,a2-b1_ComebackRate,a2-b1_ComebackAmplitude,a2-b1_meanComebackTime,a2-b1_stdComebackTime,a2-b1_meanComebackTime_dx,a2-b1_TakeoffRate,a2-b1_TakeoffAmplitude,a2-b1_meanTakeoffTime,a2-b1_stdTakeoffTime,a2-b1_meanTakeoffTime_dx,a2-b2_ComebackRate,a2-b2_ComebackAmplitude,a2-b2_meanComebackTime,a2-b2_stdComebackTime,a2-b2_meanComebackTime_dx,a2-b2_TakeoffRate,a2-b2_TakeoffAmplitude,a2-b2_meanTakeoffTime,a2-b2_stdTakeoffTime,a2-b2_meanTakeoffTime_dx,b1-b2_ComebackRate,b1-b2_ComebackAmplitude,b1-b2_meanComebackTime,b1-b2_stdComebackTime,b1-b2_meanComebackTime_dx,b1-b2_TakeoffRate,b1-b2_TakeoffAmplitude,b1-b2_meanTakeoffTime,b1-b2_stdTakeoffTime,b1-b2_meanTakeoffTime_dx
0,100,3,0.2,2,False,0.008,800,0.005,0.01,15000,0,250,0.05,30,2,0,0.05,30,59,800,2.5452799131817456,3.7892839285824804,2.0970239390642003,7.717285167347409,0.4989567062547469,284.80655358408876,884.5523981391599,0.016486486486486488,0.017599896482133465,0.0010185549784056446,2.189436872252225,2.740557580658175,2.2021164772727273,7.789741788123506,0.8137814794320509,-1,-1,0.01798823529411765,0.018780774974705355,0.0017855627428854982,4.260641733956247,7.32873459924624,1.9639783281733747,7.269376873753161,0.7927787401388544,462.6631032182581,3130.237725387984,0.01725515463917526,0.019167717416413155,0.0019072631005657577,3.155085448116448,4.352480304103322,1.4552624309392264,5.871636747459215,0.6048684968957037,353.6237422980424,1433.3320115280217,0.017567873303167423,0.018856475285244666,0.001757945686207127,3.3944106150574513,4.6281599679873775,1.3984154929577464,5.247060104749951,0.6102572397922802,-1,-1,0.018328690807799444,0.01887115191526833,0.001952123357256287,2.739624910605566,4.097892699255116,1.896881594372802,7.207937614884826,0.4837183635042644,-1,-1,0.0162406015037594,0.016886741418296745,0.0010146846969682525
1,100,3,0.2,3,False,0.008,800,0.005,0.01,15000,0,250,0.05,30,2,0,0.05,30,59,800,2.6882656432414254,3.7827915445133526,2.1681798941798944,7.368296646463387,0.4697937873396167,190.40187645507277,400.9223041519772,0.01718534482758621,0.01905154421431658,0.0010963702936112557,4.311563007974732,5.776247539228261,1.949022435897436,6.068222511164983,0.673349080772193,495.0266006765819,3430.4474060618254,0.016979695431472083,0.018366394878172026,0.0018135597890198123,4.102747948402396,5.159262654876769,1.297337398373984,4.594567524343922,0.5741602949832764,-1,-1,0.017377049180327873,0.020933277244872484,0.0023493264977003,3.4077938172645705,4.922761756269286,1.4654858934169281,5.725900334315621,0.6283541882699359,351.2804233812099,1440.9608085287791,0.015695121951219512,0.015989851220643003,0.0015477776310719607,3.1338156011460825,4.71738082355907,1.9384576271186442,6.631113903722115,0.7567136207612489,-1,-1,0.01701923076923077,0.01853055580141575,0.0019036794649400436,2.3060112540619397,3.157639435575525,1.7433939393939395,6.4656784113934425,0.4027657886512926,-1,-1,0.01599013968775678,0.016356290874521083,0.0009189578829044804
2,100,3,0.2,4,False,0.008,800,0.005,0.01,15000,0,250,0.05,30,2,0,0.05,30,59,800,3.0580106566960565,4.344586169092011,2.0055069124423968,7.351645649258155,0.4890809809194005,298.22129705279633,937.88942916272,0.017389255419415647,0.01839118948365585,0.0011066446743234347,3.243922046268869,5.796424664275292,1.8261789772727275,6.576324332087648,0.6870177587080797,-1,-1,0.017511520737327188,0.017184445490378265,0.0016167643690224059,2.204910289311261,2.824341727847736,1.7844272445820433,6.6936785064337405,0.7299946206373095,283.2789092770063,846.4645691562629,0.016700000000000003,0.01720421459991708,0.0016860130307918737,2.9532874194607106,4.426741602311858,1.9011586638830897,6.981146221925381,0.6251943566200237,-1,-1,0.01667238421955403,0.01729297666188102,0.0014037557536591273,2.777099707499327,4.136368126302593,1.4165706806282725,5.66155709012943,0.5677541023376445,317.32948073091984,1111.1158223052314,0.017070063694267515,0.01917107516353424,0.001731378769104635,2.406304983406472,3.5184766549847235,2.0835559921414544,7.782677056030028,0.47809168670023094,134.31726525983981,226.5818019686488,0.01688550840672538,0.019891310503548233,0.0011031593466564276
3,100,3,0.2,5,False,0.008,800,0.005,0.01,15000,0,250,0.05,30,2,0,0.05,30,59,800,2.4913877109871456,3.6278336972816834,2.300356359649123,8.57025982796561,0.5562277360791622,326.2799682979489,1241.4328478159478,0.01605614973262032,0.01730309294492306,0.0010124728437676052,2.6304992557253004,3.3753113161255466,1.6287909319899245,5.824672760755971,0.5729706142359157,287.3337339944098,879.9896717403442,0.01711065573770492,0.01906771929838855,0.0016917839881687565,3.4685569258213818,5.769626377985491,1.6385999999999998,6.535616826793524,0.6614956913284533,-1,-1,0.014912280701754387,0.014380213869715235,0.0013198938192327864,3.413049999748176,5.143450848657338,1.427948717948718,5.551226058224156,0.44984930250733357,675.6498586959802,10229.464185026362,0.017485915492957745,0.01774972164649547,0.0013056249592735562,3.272478983558594,4.595578239422302,2.0176912928759894,6.718796430509021,0.6764379258306848,-1,-1,0.016566523605150214,0.017459729125434992,0.001585260413328318,2.5388743121565884,3.4992578537725816,1.8390464177598385,6.968957721161669,0.43389742610952686,-1,-1,0.016690199335548175,0.017705495992271957,0.0010001172666033364
4,100,3,0.2,6,False,0.008,800,0.005,0.01,15000,0,250,0.05,30,2,0,0.05,30,59,800,2.5462161538284973,3.5468852935815316,1.9100000000000001,6.997962544657034,0.43725031982155305,360.3937351343156,1581.7926721831768,0.01681518151815182,0.018187386388563893,0.0010239412871061492,2.6698548492959775,3.475980142879183,1.9332543103448274,6.803606007933464,0.619064980048647,304.6065057182077,1038.7085344300299,0.016501798561151082,0.018125809245215917,0.0015066628528417351,2.681271359849025,3.7710136194856045,2.1480803571428573,7.01025736290316,0.749584150154589,227.93775827311472,556.8255222404841,0.017265060240963852,0.020004267217873337,0.001924662879395824,3.6542473029813527,5.532145809975986,1.6645506912442396,5.904608845308382,0.55552337719912,-1,-1,0.01549728752260398,0.015896264413342083,0.001324916729160927,3.2170296547875705,4.594289384167319,1.4121752577319586,5.396310620182173,0.4802663319917661,348.54717953584804,1481.02769161466,0.0159006734006734,0.017654710063473696,0.0014197877952202606,2.830986410160025,4.619753568500168,1.9921676891615543,7.334706569079498,0.4596945852137546,-1,-1,0.017397660818713453,0.017628125393457535,0.0009986541871489709
5,100,3,0.2,7,False,0.008,800,0.005,0.01,15000,0,250,0.05,30,2,0,0.05,30,59,800,2.42718514613309,3.483983807337138,2.0460344827586208,7.660175763189046,0.44082458913174605,159.04161236061879,299.05646754202814,0.01723703170028819,0.019033358713767493,0.0010013289464426674,2.485117033018022,3.0638256827094965,1.5479983660130718,5.6792204330455,0.44995500396628263,377.79636796703386,1790.1193543146371,0.016449175824175825,0.017208966145711678,0.001250101170803375,3.073437125902442,4.8118817613275375,1.9518249258160236,6.859195387075154,0.5178444155763203,359.75296945318644,1522.162446142714,0.016755386565272496,0.017673413457175175,0.001233212753293932,3.1431359329686273,4.308558434978677,1.897383627608347,6.386923901743792,0.5015379375946335,-1,-1,0.016431398416886546,0.017052686195661432,0.001213987650328158,3.014260097816828,4.348352842085346,2.132485380116959,7.173579035029416,0.6207736531268464,-1,-1,0.017236421725239617,0.016898920016944298,0.0013238166992518166,2.6801174987452963,3.7065137389993525,1.9352002002002002,7.323291770940325,0.45412944805494393,213.15068092296636,486.62494581044126,0.01753706754530478,0.01970511252454532,0.0011084743478838046
6,100,3,0.2,8,False,0.008,800,0.005,0.01,15000,0,250,0.05,30,2,0,0.05,30,59,800,2.3542007535675165,3.1479206862650733,2.3590311804008905,8.125692837146891,0.531469448735891,-1,-1,0.016913357400722022,0.017701742819173586,0.0010423227525298204,3.2479990691841607,4.601620204066469,1.6702543720190781,6.279158122220536,0.49071820300177293,276.3560790697673,804.4395793759566,0.0178335535006605,0.01929733377457216,0.0013746921106206956,3.2827456515035816,4.074237814299626,1.9839139344262298,6.320738208855656,0.5608076942926351,343.93348777534214,1314.4056796933617,0.01730392156862745,0.018508586180448178,0.0014664038958191858,3.547714994581608,5.187915975630794,1.7328405994550409,5.949276208163644,0.4303999120008768,-1,-1,0.016865839909808344,0.017389919035076744,0.0011444368187061664,2.592853348390406,3.3957733779908787,1.8856397637795277,6.309625344062402,0.5486909378610046,-1,-1,0.01682182985553772,0.01836657333947444,0.0014422487969279873,2.6923627443674665,3.6747993803989605,2.428212560386473,8.301053963303575,0.5057304853038693,279.33071849740946,845.1949825478139,0.015845790715971676,0.016453108511328404,0.0009045472508740093
7,100,3,0.2,9,False,0.008,800,0.005,0.01,15000,0,250,0.05,30,2,0,0.05,30,59,800,2.397449102360204,3.2736126060045168,2.0822742906276868,7.350799481527702,0.4224747815055772,308.90857435552977,1054.9734840003437,0.016631768953068594,0.017875667711970463,0.0009414417579893302,2.5476396536634978,3.6445933016782703,1.8046590909090912,6.020048161863386,0.4192696696641529,321.1622847652575,1161.6595448051603,0.017526824034334764,0.01938220527518866,0.001244375076331948,2.5566147735997817,3.5994484038831946,2.0473894436519253,6.901840563989452,0.5109306839440604,285.09440749252,880.65063599533,0.016420927467300835,0.018064061972062923,0.0012208814298359768,2.994084242019447,4.07362725721788,1.6291608391608394,5.8433966373030035,0.4283200620418035,-1,-1,0.01607843137254902,0.016450150718754598,0.0010950057607963795,3.1679084872993903,4.381529881444097,1.6910329861111113,6.20475588487781,0.5067217305983545,286.23435434022025,880.0209452131452,0.016873219373219377,0.017513190654492212,0.0012955458600815832,2.62914318439893,3.4586907998496663,2.2712090558766858,7.4577473138824875,0.45369611346692934,297.1712314470743,927.8768260187715,0.017308602999210734,0.018246370069148615,0.0010047181385355866
8,100,3,0.2,10,False,0.008,800,0.005,0.01,15000,0,250,0.05,30,2,0,0.05,30,59,800,2.5443941584891983,3.423932254759413,2.17376965408805,7.0442986474984375,0.3871241596092866,324.75656500704054,1177.1579632415094,0.016650326797385623,0.017127127983555764,0.0008582126248291617,2.7655339921619473,3.581912355078209,1.5081036931818184,5.502554538915208,0.40647524132199614,287.6023905684222,873.1844211631992,0.017049941927990708,0.018062571991974693,0.001206518781158809,3.157557789749286,4.207342053849937,1.861765988372093,6.244919700282072,0.46664724980611766,335.2114314429443,1314.1444228543326,0.01673053892215569,0.018011120026798517,0.0012216690007390344,3.129699206868835,4.393764358822266,2.0918991712707182,6.709159460618771,0.4887141374250394,205.38392192187652,469.61086037299214,0.016979638009049777,0.019250246325160876,0.0012690134641049947,2.4283109455611265,3.284284136029237,2.1344783715012725,6.95936482453554,0.48653535218568783,209.21044268000492,490.8460865555975,0.016379853095487933,0.01865803415109576,0.0011846103006920247,2.3150689398048763,3.2126148913885246,2.0446765249537893,7.141589500141038,0.42553699677000334,336.50908453564455,1294.7156833613194,0.016730328495034377,0.016915640372061114,0.0009163780785467138
9,100,3,0.2,11,False,0.008,800,0.005,0.01,15000,0,250,0.05,30,2,0,0.05,30,59,800,2.583076358776065,3.624487515639481,2.214385964912281,7.662915311578087,0.43411323046950795,215.90967207973216,508.7155105573957,0.016558396682791986,0.018004468758811253,0.0009276883812904667,3.2288226114244005,4.29069118307939,1.873088888888889,6.191210703673713,0.46706762973975946,-1,-1,0.017144563918757467,0.018474546012753227,0.0012516045040902458,2.6330066237475562,3.5297073174768157,1.9685777496839443,6.789499373169275,0.47315734060997156,323.79635709395546,1163.2698883337262,0.01698952879581152,0.018100067839621734,0.001147980703906409,2.669345160218398,3.5878795532176126,1.9814558139534884,6.5368528304618705,0.39076939875906963,294.9751044135085,963.8746793181845,0.01640795631825273,0.018164262603171333,0.0009943283697445245,2.7147500467974552,3.570213064613477,2.4969470198675494,7.619185659661958,0.5434894921898092,295.9169983377575,980.3114567049392,0.0170479302832244,0.019230849939568185,0.0012440367493784157,2.6974711416206683,3.761351457331555,2.074006488240065,6.999637727153701,0.39070601410454464,182.37433647286392,373.7259917550043,0.017161354581673307,0.019378452711875886,0.000978729509678451
10,100,3,0.2,12,False,0.008,800,0.005,0.01,15000,0,250,0.05,30,2,0,0.05,30,59,800,2.683441778038368,3.997530902280127,2.5383179723502307,8.545519997784462,0.46418283223208934,157.57600899548493,297.0997546046487,0.01681730769230769,0.018807781611921582,0.0009333216614493591,3.220386454397794,4.869363428649005,1.7130339321357286,5.941192900477557,0.36787126353344296,-1,-1,0.016802179379715006,0.016766612393176252,0.0009514394921228526,3.4916242761094702,4.797914664031297,2.2013313953488374,6.753078045013074,0.45134497806872226,-1,-1,0.01601344860710855,0.016511452425813266,0.0010030347610799004,2.899303639985828,3.8211206972013696,1.822488129154796,6.348521889501761,0.3834550901210948,290.2622568588076,897.7466031262853,0.016801266825019798,0.018340215752127464,0.0010114835786540132,2.5158582440521604,3.4135619089253177,2.0320904925544103,6.652279218213882,0.4412852579826202,309.3962413930186,1074.8310802380227,0.0164292364990689,0.017941844860443135,0.0010730526409900823,2.4248047200295266,3.1606417320613924,2.2984576534576533,7.5485760279204035,0.41241251083159397,343.36719131494567,1326.0866023549866,0.01720578566732413,0.017810356616810536,0.0008950845889474012
11,100,3,0.2,13,False,0.008,800,0.005,0.01,15000,0,250,0.05,30,2,0,0.05,30,59,800,2.7218784770313165,4.1743229692342485,2.29475,8.25344745412341,0.4557285004926687,252.09027393043502,676.1985704133189,0.016691655801825297,0.01829044879372267,0.0009153090437831715,2.849182995856249,3.707435135530721,2.411829134720701,7.53819713102139,0.4889767087950996,294.8341213156353,961.2862913532696,0.016352941176470587,0.01792902934236641,0.0010571380633391466,2.7835627614452645,3.629958691573076,2.2391901408450705,7.1699207857671,0.4814493797310054,314.65940246481557,1117.6344461345932,0.016704211557296768,0.018045667172824187,0.0011069197681785562,2.5409335057423093,3.730236824702915,1.8071605465414176,6.308574217205161,0.3613340097667731,338.5673675574816,1288.7945901473609,0.01662201303403331,0.01745204852404339,0.0009204615335994514,2.718274375094286,3.828462895822207,1.8984643734643736,6.312101979939797,0.3540562345221197,293.87385337753096,942.6079070999174,0.016829183955739974,0.018641385427270188,0.0009608378678844109,3.035362020556858,4.41756028951751,2.592601374570447,7.93922861378807,0.4079461910582232,201.4344226930267,437.33723206706884,0.01710266821345708,0.017884860344424543,0.0008442537412993312
12,100,3,0.2,14,False,0.008,800,0.005,0.01,15000,0,250,0.05,30,2,0,0.05,30,59,800,2.3440492607623526,3.211584350120635,2.3977722772277232,8.122124936114028,0.4572718082434845,325.4567689907326,1209.397483370345,0.016771117166212535,0.018345107808236203,0.0009384546960479958,2.5985234741144905,3.562497679246751,2.248852631578947,6.915449914911608,0.43975897227858424,314.5471513905108,1060.2965380149487,0.018499127399650962,0.01992062125213542,0.0011533646620173017,2.8476143847233213,4.030269329611843,1.9711077542799598,6.539701711145979,0.4067610753900385,-1,-1,0.016900000000000002,0.01723774927303446,0.0009753174799349526,2.46329426956484,2.963685396893448,2.3030550458715595,7.118309878691714,0.4225904831925053,343.26648883351584,1373.4697969441934,0.017085561497326204,0.0183393113711458,0.0009935032045205845,2.7462764451642623,3.7257810064370975,2.1340802675585286,7.011226672040663,0.39736031343242634,249.95978625282694,643.8421263326768,0.01665014164305949,0.018044546113877676,0.0009412059965078526,2.516509726997737,3.184061947826254,2.6078281710914455,8.335035613551804,0.44364305411839494,301.8074258806688,983.202713009176,0.0174954240390482,0.01900986731480778,0.0009203344527437024
13,100,3,0.2,15,False,0.008,800,0.005,0.01,15000,0,250,0.05,30,2,0,0.05,30,59,800,2.51753085060444,3.4846743910318265,2.5106057692307693,8.464292704959059,0.4200339994047256,326.09294546468453,1169.5099156694416,0.017733188720173536,0.018767973725773546,0.0008566294477989901,2.334962732576854,2.9682913098475083,2.273235035211268,7.200632557688943,0.4187333536960778,301.01715698781555,994.4770349773162,0.016829537105069802,0.017634639043700297,0.0009369007431899637,3.415855489406337,4.630481093032187,2.0007560975609757,6.112450943945286,0.34160081825775923,669.8841826062088,10243.829780601525,0.016426592797783936,0.017194327215421166,0.000886865298479618,2.2941340593810566,3.034674255651482,1.9970073589533934,6.9771580358702785,0.39104019689491043,284.59890723214363,830.6180070483363,0.017913520933424847,0.019241040550886507,0.0009879952357180455,3.1769596188826834,4.195132942742687,1.7773509615384617,6.198457110822871,0.3767237514757183,363.49887119096115,1610.2502258742968,0.01676634768740032,0.018176709686240508,0.0010060569693635555,2.5751849158805338,3.422520810166382,2.5737031594415876,8.243380308446373,0.43795788041036904,291.75647992199544,899.5147885700205,0.017580547112462007,0.018759728216053175,0.0009065664910278329
14,100,3,0.2,16,False,0.008,800,0.005,0.01,15000,0,250,0.05,30,2,0,0.05,30,59,800,2.6277321725441394,3.4312763539920885,2.392301495972382,7.4769542724416995,0.351524751496981,237.3707138162381,589.4894201608944,0.016546116504854373,0.018013622392916477,0.000777899542123712,2.4039691671554366,3.1478732427861633,2.3522454617206,7.275463336542521,0.40061611996100377,325.1402151552767,1202.6952361352955,0.01664047151277014,0.018013049531166378,0.0009034909277907579,2.721364030499475,3.5442866027538527,2.079191770756797,6.8851421489094236,0.3657968150239057,350.01063271815997,1440.8830647352074,0.01747847478474785,0.019062623324343945,0.0009265704956805289,2.297446049259943,3.172670974824147,2.196715893108298,7.62559512160621,0.39635105268435716,210.9517763297154,489.22292245082747,0.016418879056047202,0.018041456616791754,0.0008589004265681403,2.551667828423599,3.3581813615027065,2.389519480519481,7.983187418569735,0.39872368656623686,307.3143774582824,1048.0287159056368,0.01654379157427938,0.017789816534191552,0.0008209359490833455,2.5905107196875132,3.5390587273944223,2.6237440898345152,8.151114755238568,0.38839434626060393,304.78073941675757,1006.4322555870647,0.01688344172086043,0.018698040788412643,0.0008196827151797923
15,100,3,0.2,17,False,0.008,800,0.005,0.01,15000,0,250,0.05,30,2,0,0.05,30,59,800,2.562836395471789,3.680242198377632,2.4591406250000003,8.195059733319823,0.37943657558946225,329.7088912711774,1253.6452412665749,0.016277148253068936,0.01757850748470217,0.0007486435576938343,2.9534063476992363,4.2011364839145555,2.085679180887372,6.925948702241833,0.35466352776327936,315.3199002916779,1126.5090868778564,0.01597926267281106,0.016702280078630345,0.0007857003977137898,2.434743243253281,3.29391241924911,1.9650644427596664,6.45355746230511,0.34828346373559355,249.15544058414554,643.5022073643465,0.01706033376123235,0.01832326902661889,0.0009098615295967109,3.0573326821392945,4.294285890448453,2.3328658976207644,7.672704019710768,0.40379997350302527,273.4188486332377,787.571293155766,0.016816277678037103,0.01822892193744027,0.0008740350153131128,2.9426300619393997,3.8115376596487103,2.052431948424069,6.360531461421288,0.33366201434929044,193.53430681965676,413.74777604853665,0.017288033674082985,0.018353268716,0.0008821112686017866,2.778060587561114,3.807168758604207,2.3601729278473464,7.492230225019347,0.35859204766662106,242.74653585758858,617.0648995196676,0.016809738955823297,0.017885188436069198,0.0007854253685529208
16,100,3,0.2,18,False,0.008,800,0.005,0.01,15000,0,250,0.05,30,2,0,0.05,30,59,800,2.600869958416142,3.524747078449752,2.747789977477478,8.010945160895062,0.3725789799969185,253.5883842476822,676.3338473290742,0.016909439386679447,0.018302624098612313,0.0007852504736641433,2.875989962141931,3.7904135806669745,2.251952727272727,7.07544022308807,0.37398844870139286,289.9162235018753,867.1099381515162,0.017957875457875458,0.01928980342360288,0.0009341721689431435,2.5818175096158753,3.45336752346906,2.1782791411042948,6.863689616535817,0.3332114413376639,290.2797310213729,909.9717756833193,0.016895373291272348,0.01830547801578577,0.0008226817993414237,3.2444819656401593,4.376991409751214,2.026808367071525,6.49927805362546,0.3309002436844405,214.0527065941845,493.1996249800096,0.016772187676653477,0.01764977402836962,0.0008224912839127265,2.514452897443483,3.360521688247956,2.107634011090573,6.85900640718308,0.33370139331872545,-1,-1,0.01645015906680806,0.017444941640487686,0.0007873262802979711,2.260924664713978,2.9197797600727897,2.477080384226492,7.942189232189602,0.3500121805069066,365.4756383626334,1613.6598964963116,0.016422432316287067,0.016953027309360057,0.0006888190370839566
17,100,3,0.2,19,False,0.008,800,0.005,0.01,15000,0,250,0.05,30,2,0,0.05,30,59,800,2.3620521983896325,3.1196445650322153,2.2792186024551464,7.473852394111394,0.3183007118707572,187.7514625140784,381.60251997802004,0.017927818329278183,0.0191385984225419,0.0007553872759722002,2.605137731563213,3.3835814023179065,2.2689821693907875,6.842154752230548,0.3655328680468645,-1,-1,0.016354422604422606,0.016606970246994198,0.0008067134144266642,2.6226214886438877,3.4538335277883903,2.0544421364985164,6.744479310700556,0.32203609037489583,-1,-1,0.016835093011563603,0.017727220712847443,0.0007790751136644255,2.47856520060774,3.395645745044248,2.3325748086290883,7.817604463193459,0.40420471995693924,330.8060421393634,1234.0070625679432,0.017144522144522147,0.018039198424079413,0.000853521892861659,3.0952240897303236,4.531728044487436,1.9585535506402794,6.729650208368383,0.318226969347694,250.74503514303552,654.1724849468303,0.016847718253968257,0.018439119171624795,0.0008049167752980072,2.4985065203764325,3.364917712395308,2.7760712518555173,8.218092319297746,0.35829762569757634,342.99200148957516,1352.9484633612947,0.016925675675675676,0.018473398045683778,0.000744066943045799
18,100,3,0.2,20,False,0.008,800,0.005,0.01,15000,0,250,0.05,30,2,0,0.05,30,59,800,2.591178222985783,3.618597300101447,2.5861740890688263,7.922027183959053,0.3293234590168262,222.5550373273524,541.2877760579548,0.01719159599074788,0.019923386187861495,0.00076671549231285,2.247549533943004,2.8795305603062955,2.0499504132231405,6.370576898922842,0.2930869754006863,-1,-1,0.016667450611476953,0.017665543945464608,0.0007509334595546428,2.88387897306549,3.8470928196746548,2.1679080389768575,6.778390526503266,0.3278657728524887,199.34014959667212,434.14026355766384,0.017004668049792532,0.01817641987906583,0.0008113549741315545,2.6007836821427777,3.4477874685236474,2.4389787632729547,8.035849848976875,0.3936336512982253,-1,-1,0.016500261369576583,0.017154387207196448,0.0007687299382787991,2.6055693360279606,3.6514832208718073,2.240299170616114,6.875805055144454,0.32801477407253227,213.99322607345871,500.0242278521457,0.016385964912280705,0.01752395863737938,0.0007689831803579604,2.201085185358079,2.892315825787555,2.5531126968503943,8.256747244981886,0.35900724230747383,313.4225391905318,1092.3876023259445,0.01725854070012653,0.018253920553801272,0.0007347615986460831
19,100,3,0.2,21,False,0.008,800,0.005,0.01,15000,0,250,0.05,30,2,0,0.05,30,59,800,2.407800483686342,3.074005994894056,2.7339624724061813,8.027120077469007,0.33058392202791564,151.73993960606586,275.09177801729317,0.017336501901140684,0.01906878878256369,0.0007287881549113163,2.6050287069544042,3.578394749683061,2.322531969309463,7.192368962125145,0.31882667405781323,310.69238986075806,1045.940383711557,0.01700479930191972,0.017670423559277174,0.000723428683642153,2.6885799026786743,3.5585968655323246,2.3149660751565766,6.852861126751679,0.3068529126126991,314.2264521456382,1126.1848670438224,0.016428257042253522,0.01770926572121593,0.0007282029974559819,2.1864393525819366,2.726264818074619,2.2619916765755055,6.9140350128752495,0.3304263325590346,337.250352633421,1345.390356071961,0.016078140454995057,0.01723821654630734,0.0007513768802201149,3.0171586092069442,4.363810375853829,2.2246770662287902,7.063867715266114,0.3239137285916618,309.9356907501016,1050.7284443481478,0.016825764596848935,0.018216422225230344,0.0007685877090229955,2.52617500653868,3.193183566928038,2.5910473870682025,7.894137041035186,0.32561077199736665,320.6557660083275,1152.9476803093828,0.01722369920243069,0.018274973196588565,0.0006980513807481589
20,100,3,0.2,22,False,0.008,800,0.005,0.01,15000,0,250,0.05,30,2,0,0.05,30,59,800,2.276828711276423,2.888518835424849,2.6569863945578236,8.142632118851015,0.33987294009244834,290.6378067366603,1011.5885418081855,0.0175242154203797,0.018874570554410393,0.0007281806734031735,2.5312904350830583,3.2789509767823537,2.2500207468879667,7.109560473702832,0.3173549737850987,307.20821305431645,1023.1660964986181,0.017399823866138267,0.018788387504861222,0.0007727464401323146,2.459647482336758,3.183724375564865,2.379583775185578,7.152480674395049,0.32280623921405965,317.43500007162083,1109.3250193533645,0.017156334231805927,0.01845016594504017,0.0007664675415217968,2.686778595030225,3.5992375659165607,2.2835277044854885,7.33422384726868,0.3302217123598529,197.6301980386046,427.2158033047741,0.016552419354838713,0.017506346352266184,0.0007262806819487281,2.4130512348695876,3.2401882101207526,2.3936452665941244,7.4982300949967975,0.34280100077254666,200.29208493869666,450.2431564044412,0.0158920296570899,0.016668243030473814,0.0007032668965306874,2.2619834066565025,3.0418234828982036,2.183016784452297,7.234218065435235,0.2979953284843426,290.04370879768817,906.8642207468698,0.01691971080669711,0.017386181935399054,0.000664733568499384
21,100,3,0.2,23,False,0.008,800,0.005,0.01,15000,0,250,0.05,30,2,0,0.05,30,59,800,2.4715468499849065,3.1721947064929714,2.585331111111111,8.184313761453735,0.33817934826960944,285.1304602300039,863.4495559035267,0.016770673813169986,0.017604812286008853,0.0006751509510378711,2.46407734037659,3.2929053737690155,2.29015843179377,7.348674415864951,0.3337914740072888,147.22081768981775,267.59978823785616,0.016869585043319656,0.01845224918320285,0.0007723000559497022,2.4735687841497835,3.1475680968550437,2.648786673296868,8.06582501898834,0.35253223324455146,260.2553432419795,698.9854041803629,0.01745231030097499,0.018483043165514447,0.0007458741890802224,2.7941743237602945,3.596212736874865,2.24348030438675,6.736877516555261,0.2793657355604263,142.68437628719732,255.3932949999531,0.017137917787168652,0.019424365840054733,0.0007462181986030259,2.6801264534420515,3.574880365028201,2.338199613339778,7.219556423923925,0.3110902077639274,345.46458348032013,1395.1063886991508,0.01673565573770492,0.018130045910971726,0.0007193828201443353,2.370551097310755,3.2994353192366903,2.5815093945720253,8.096476322366309,0.32426446809977555,203.87971597086627,449.29418209775014,0.017491000719942407,0.01886695370352923,0.0007016034798763795
22,100,3,0.2,24,False,0.008,800,0.005,0.01,15000,0,250,0.05,30,2,0,0.05,30,59,800,2.4347067317227995,3.3838624160902437,2.503841584158416,8.135219711666222,0.3173179696145812,200.50105540171188,432.5356685017827,0.017403286545703528,0.018353847574756225,0.0006656062840548006,2.563795369102262,3.5957426944692803,2.3682835144927536,7.251774895013832,0.3024829162096703,311.25106613958275,1058.1245219635298,0.016972049689440993,0.018366756058077045,0.0007092765473330525,2.8960523077232816,3.798765329419059,2.4313675,7.225263598474712,0.3166611390062663,286.4560091740033,868.6236164794147,0.01652571185720357,0.01729991800427961,0.0006990192769261097,2.2967228459506903,2.938005392003787,2.6057878384376387,7.879699722801687,0.32537572089969535,299.6895384619428,970.16381392339,0.016776717557251908,0.017920034203839873,0.0006861898029132214,2.312559649686344,3.066623170936928,2.495653950953679,7.890814516110584,0.3295863743073391,162.1217340602191,309.0757399948182,0.016614603670441236,0.018296215693864394,0.0007086186098314916,2.250458196266605,2.8895191407958594,2.713064260214201,8.132225893223653,0.31745274173392524,169.69790274424855,331.2895234077298,0.017605128205128207,0.01974364701956394,0.0007155179185623135
23,100,3,0.2,25,False,0.008,800,0.005,0.01,15000,0,250,0.05,30,2,0,0.05,30,59,800,2.5507865431626047,3.4284783342968823,2.577366606170599,7.847376952484439,0.2930351949849215,176.66040698544083,359.7867369364698,0.016438184663536776,0.017625175313802376,0.00061115882270254,2.704355045818743,3.5561982669620886,2.180106601066011,6.789450349512603,0.2694540948716379,327.0134849790281,1209.655442091234,0.01715821000704722,0.018655059977332432,0.0006863514024997705,2.523086572324415,3.3348457125668314,2.5144473938223935,7.685978076811863,0.33094843916244454,221.76000657079865,510.1489582762962,0.017447810069586574,0.01905259213875745,0.0007555242500314444,2.7128858775440694,3.5188527783794434,2.475050146259925,7.382623724139566,0.29579815172921364,200.1067102569639,441.4626841327779,0.01649946255822286,0.017920859394319515,0.0006648673181205722,2.5878695903016515,3.32347945975547,2.484599916212819,7.437087055011007,0.2983545923585025,243.4704371675542,605.2172874146606,0.017211399711399716,0.0184753855182126,0.0006877854240967213,2.2462993205221937,2.9212660204367262,2.60375769648678,7.98434491961159,0.29782569095606104,185.30110641079784,386.5070292809869,0.016851735015772872,0.018165731209205827,0.0006323817441767436
24,100,3,0.2,26,False,0.008,800,0.005,0.01,15000,0,250,0.05,30,2,0,0.05,30,59,800,2.4610874619577108,3.33169914295568,2.626992202005199,8.171573300581212,0.3086338635090825,207.84752980581652,476.0552181242554,0.016506522430798604,0.017891492656518605,0.0006255045243849065,2.3448861845707722,3.066299834263535,2.516611960431655,7.421704387735993,0.30845536755071185,278.93475561353415,809.1183318083936,0.017330022918258213,0.018328102758475018,0.0007020834915347053,2.663546775672427,3.3688555297056704,2.293561464690497,7.0157794065428,0.2871013865079234,-1,-1,0.016730625931445607,0.017793590526948143,0.0006731756646362305,2.4943013058913532,3.362886247147411,2.4693994627782043,7.400634590283091,0.28414356623943426,277.97759114007914,825.3010864762086,0.016485771012574455,0.017439779036359432,0.0006217987139016841,2.3259417127983317,2.924503229837811,2.4062969004893966,7.163018842495896,0.2835253740137529,175.13943490644573,349.080674819051,0.016834038054968286,0.017686675067845957,0.0006507228737470745,2.272352762589215,2.940856592817572,2.715221954576738,8.268351455942181,0.30062645448471703,334.34148882746507,1282.298898986294,0.0164047976011994,0.017463549730421957,0.0005927078476620689
25,100,3,0.2,27,False,0.008,800,0.005,0.01,15000,0,250,0.05,30,2,0,0.05,30,59,800,2.5261422238864397,3.3729536772052575,2.6292301155676414,7.981713814407015,0.2884236637139082,232.35621702638565,550.5696358357645,0.017383978717114987,0.018219181613665626,0.0006139513200724135,2.8128786154751975,3.8442678966718797,2.4138460031347964,7.199989873852141,0.27934932221354314,313.83358927827624,1103.0409402283412,0.01649425287356322,0.017823086371583967,0.0006423029227477181,3.1235069281757695,4.254069181394807,2.219116579265833,6.585068930681499,0.25922574624148215,172.0211803738997,337.7298749589581,0.01763797292606734,0.019830515874828238,0.0007241331915848482,2.484739639866526,3.10848472191799,2.7089023421992855,7.920399784550804,0.3093065314818796,192.60314199376134,410.65861921378985,0.01704210886682643,0.018943724842916423,0.0006869983117977204,2.464206157279808,3.200962420670511,2.58331762295082,7.506710390635153,0.2978590632003791,320.9721915835073,1148.390918444751,0.01697792571829012,0.018299842510841508,0.0006713924283329789,2.217238233195491,2.7782219342338745,2.72375756496974,8.332037387839836,0.3081281750974732,167.32303686863798,327.239702195801,0.016594893878806524,0.017580989593599262,0.0006043533078074903
26,100,3,0.2,28,False,0.008,800,0.005,0.01,15000,0,250,0.05,30,2,0,0.05,30,59,800,2.4441907105829497,3.2822406966179436,2.7397284991568296,8.097796745224088,0.2914812305209646,267.5391978961579,758.5126132727938,0.01686046511627907,0.018061744918910338,0.0006073905105024324,2.439252224114889,3.143169895173665,2.2677049446974626,6.951852278957968,0.245756308526205,220.13470896858908,531.820218608211,0.016788445199660152,0.018459742634961293,0.0006088816059296176,2.662180113076305,3.581043757174472,2.5493327526132403,7.538841403217377,0.2758161741173138,274.6482771968825,791.9066570661489,0.016608063049408914,0.017291557087372907,0.0005900638606056967,2.9172144020200754,3.819531947595204,2.32919734904271,7.029906426865082,0.26438738712429055,215.1964354895098,498.64614269477477,0.01698377346484251,0.018179612343129176,0.0006355774775475713,2.438440831623288,3.205562052029475,2.589634996331621,7.967727025874357,0.29910769933836484,266.82790920916864,743.484972218651,0.017123331214240308,0.01803715304189116,0.0006302962197458548,2.359227836527212,2.9869344399199442,2.859797726512872,8.418762961004957,0.3017144751469896,265.5234035814671,735.4490994183944,0.016728251382019204,0.017822910811063145,0.0005958609697850583
27,100,3,0.2,29,False,0.008,800,0.005,0.01,15000,0,250,0.05,30,2,0,0.05,30,59,800,2.23278615293986,2.869908908201645,2.9132478055367996,8.426466963975663,0.3034653197453479,344.88828945677926,1404.142758009572,0.016759801053247515,0.018449952837418303,0.0006185364571962532,2.4353746392510276,3.1449670339900972,2.331489767603191,6.899642426815663,0.2518606583345485,211.30215778542288,485.27828418687557,0.01705980066445183,0.01873048896837437,0.0006380072237201369,2.32071457665533,3.0489440466746993,2.6286164658634537,7.741879058012048,0.30409044937312846,211.63075282811334,490.44844343341373,0.016648445507345407,0.01763058313586494,0.0006387212821664218,2.8429241885205903,3.680565102380294,2.303319633259564,6.933385871561,0.241630552287996,205.34480155501933,461.28196170589064,0.016981681931723565,0.01837599399836955,0.0006000325091323975,2.4912069278192517,3.2672828196953856,2.6752256074045504,7.7793663668338215,0.299432570051807,236.642098422927,582.6337075949139,0.016677729837371393,0.01754274165639821,0.0006264032081249246,2.3567204962933626,3.0830306033221997,2.675269525267994,8.047338728827267,0.2760366579203924,204.9520245507468,462.9677512207764,0.016514705882352942,0.017845476000475532,0.0005719372815748877
28,100,3,0.2,30,False,0.008,800,0.005,0.01,15000,0,250,0.05,30,2,0,0.05,30,59,800,2.4614040063741904,3.180245320400013,2.886594036697247,8.359784327988892,0.29659162264980843,303.8156027686237,997.0293990908503,0.017127840909090912,0.01833876662285164,0.0006058357028087314,2.680269467325167,3.567688984549167,2.501612011790715,7.4345888504514726,0.27971007245883334,250.8210682279163,656.5544457249387,0.017066115702479342,0.017779376967991787,0.0006212884076736084,2.6252407785975653,3.3784484203336564,2.4103442906574397,7.244856967895928,0.2641416982809255,143.40180305221665,254.17963228057675,0.01705696202531646,0.018599521617325917,0.0006328774982467748,2.2892879087682774,2.8186503310120754,2.6835423728813557,7.797001145207947,0.28136667692010175,210.78317120463228,487.03069535629623,0.01651331360946746,0.01791279335958156,0.0006038944484085011,2.5148708205729204,3.3210330513865416,2.43422809237583,7.402136664233959,0.2580482526113673,193.5099297798776,408.95419447337804,0.017281189219227566,0.01847041623174382,0.0006034507486620738,2.2257540068344994,2.946176978438309,2.75279771888628,8.59523847997736,0.30855530260995057,169.63870347175344,335.50014005295037,0.01674163783160323,0.017949054100636845,0.0005973901995510472
29,100,3,0.2,31,False,0.008,800,0.005,0.01,15000,0,250,0.05,30,2,0,0.05,30,59,800,2.2582520383496636,2.9162533547044465,2.892413846631481,8.278700994758506,0.2859057608370199,234.8997575407157,566.1817648607533,0.017305089334055227,0.018675318075744886,0.000602248369947674,2.2078295778671735,2.773169494730846,2.592863939105614,7.4905385523892924,0.2614611274488746,323.21244308062836,1204.8013283323319,0.016255543237250557,0.01752621088376332,0.0005718878105944109,2.2589066607373436,2.8242433250149817,2.722670645281612,7.803465284772222,0.2953895770911421,324.3487390429848,1197.90808807737,0.016593548387096774,0.017276479171701605,0.0006081776628801796,2.512836317947451,3.249996261057594,2.3313820689655174,6.997647623965909,0.22780021787361585,169.46751521719295,328.3501248180461,0.01712737457379445,0.01848428712990854,0.000565391538871186,2.2476301823271014,2.8990404548281785,2.7680441230997404,7.59956262542744,0.2868165426076682,331.6789270661945,1238.2915874565672,0.017264301693831897,0.018624242033941425,0.0006525772008411011,2.3005783951869114,3.008751543764397,2.834541055260693,8.420498938013115,0.29161873884146705,257.18437181651024,687.4095708373833,0.01724883657267999,0.018544054629479813,0.0006013619330682502
30,100,3,0.2,32,False,0.008,800,0.005,0.01,15000,0,250,0.05,30,2,0,0.05,30,59,800,2.3995094552667307,3.06482547911442,2.768179363274588,8.012498690511038,0.2647744809520396,247.94645056446822,644.2775577356681,0.01688811188811189,0.01805147121202452,0.0005591413878040329,2.335920904341437,3.024521957603354,2.4509100911662998,7.2418593900619115,0.2516658716593085,283.7893092030638,843.0867188708987,0.017242657150699975,0.018520470317293584,0.0006014208732504612,2.284381195245596,3.0347395627741545,2.4132801138159974,7.191761097079364,0.2506350054651393,343.4873582074661,1407.123731770945,0.016319137168141595,0.017327753102295326,0.0005647862455728202,2.352470105303996,3.009540819123917,2.460678474932453,7.431698655181399,0.2523811101356867,140.26825480008702,243.05051986306137,0.017357819905213272,0.019200795377131784,0.0006106576618671055,2.466751986734002,3.101323819845232,2.5139668646452016,7.443193244001429,0.25793379371361574,218.673862684122,515.1937432749546,0.017564242755604156,0.019720209435597415,0.0006390660459519212,2.243517936919483,2.767328565396311,2.7579098608590447,7.973637027682237,0.2718072951452468,251.48237441163644,672.5277666728373,0.016506740681998415,0.017471789717347305,0.0005567693183644767
31,100,3,0.2,33,False,0.008,800,0.005,0.01,15000,0,250,0.05,30,2,0,0.05,30,59,800,2.329378074146005,2.915374376455651,2.793881656804734,7.699218629621122,0.2595639493057891,203.60516147537592,449.91830103032635,0.017198912198912203,0.018568849850727827,0.0005857215123151446,2.462025945809425,3.260416200358898,2.664440983606558,7.547060635550837,0.26784527590654583,181.30439574838576,371.25426677720543,0.017104214123006837,0.018428429693425886,0.0006094907906148472,2.3477936539000495,3.0553923689464173,2.3665307071960298,7.056948198230323,0.24359899054488107,198.38907863439863,427.74463808065076,0.01682993197278912,0.017915285971034447,0.0005792301299672084,2.5165518336729686,3.2060085900629565,2.679392753623188,7.792185147802165,0.2600194210411584,253.72155049417952,663.366826779009,0.01665514592933948,0.017226945765613018,0.0005402543076240872,2.583823251502173,3.135240929204084,2.667634424752178,7.308027471829605,0.2482557664589783,176.96024142573597,355.4225419907264,0.017205998421468038,0.018825887056842162,0.000598497837336782,2.2419214041340143,2.7606944511724927,2.861037165082109,8.069731378737464,0.2684651041604411,249.13395395225913,645.003540503085,0.017098157961140555,0.018178321688145687,0.0005659757448899583
32,100,3,0.2,34,False,0.008,800,0.005,0.01,15000,0,250,0.05,30,2,0,0.05,30,59,800,2.257377004839245,2.9097470090344077,2.8712548800892357,8.262319646986509,0.2704287877793112,157.90298713184654,292.86820347133795,0.017038169806704185,0.01790004357393175,0.0005487920870044385,2.672625082534086,3.4199347383306336,2.6694347222222223,7.55265178641581,0.24671995835624977,173.98767177656717,344.16346387553745,0.016920634920634926,0.018533994812221136,0.0005676728913615275,2.6634491539892378,3.4444753879486396,2.5579757360959654,7.393800793255733,0.23928151696614083,268.64759224809876,756.6541148784431,0.01717893217893218,0.01833109572110815,0.0005571886408412741,2.398748245465924,3.1370246074260186,2.5953503649635037,7.712442630094558,0.25829602929232126,246.99831161529752,636.4262944154151,0.016938827745072948,0.018212889310706363,0.0005711013856821086,2.317359723724721,2.9461494716980736,2.654161685169371,7.523126221199376,0.2487799320302677,211.68973245228827,486.75124686630045,0.016959578207381372,0.017891845210998444,0.0005556560539722569,2.256456413569168,2.8105378716584517,2.9551690060154687,8.266555773537117,0.2742241804238761,248.70005062964108,643.9933591870488,0.016861368764101284,0.01769887063604805,0.0005492494214633339
33,100,3,0.2,35,False,0.008,800,0.005,0.01,15000,0,250,0.05,30,2,0,0.05,30,59,800,2.3973045920591223,2.992147715132515,2.8728550029958058,8.133688962147513,0.27593098156258844,208.81211591376808,478.6019937786449,0.016651459854014602,0.017515545023566354,0.0005542943192822729,2.8567083971761553,3.7379322028857005,2.319234291528873,6.58216486717296,0.20576585330911723,195.99074583677762,422.8337798480866,0.01678829643018527,0.017776418282086343,0.0005237145349581375,2.5082049278056986,3.343617233350877,2.550307073954984,7.565167713562135,0.2658853674083676,319.82873138554606,1164.4942317360094,0.016585909217488166,0.017333712859786934,0.0005669437432447511,2.2905107507934446,2.9847153192286595,2.6274227994227997,7.537081600851413,0.2509618280079949,302.0161679899267,992.1140072017088,0.017096651445966518,0.018606626205785348,0.0005808518734241328,2.377647001010952,3.0164234787941595,2.6716266252119842,7.727838428440403,0.25464502187870464,278.65091052321105,828.7375159910121,0.016764705882352945,0.01814733105766173,0.0005603639651406676,2.365840909003276,3.0324051019622953,2.9255745257452577,8.22454770104243,0.26537188665694766,315.14712557475013,1083.8122518894133,0.017201856700785532,0.018080546763661956,0.0005467531454304956
34,100,3,0.2,36,False,0.008,800,0.005,0.01,15000,0,250,0.05,30,2,0,0.05,30,59,800,2.4877969900783654,3.187982964907028,2.9038168130489335,8.251526345953259,0.2561982737339353,267.549968114303,744.6975100765859,0.01716770048737262,0.01800878564408565,0.0005253632897145545,2.4031160583233295,3.0470220420399885,2.801595596432553,7.9542894628291965,0.2602742750065582,200.06142510708952,433.74318376196413,0.01707567964731815,0.01827172389096954,0.0005604616554698581,2.525785812998375,3.2359792459014223,2.6853619047619053,7.757000066539271,0.250796340285142,247.6170890456368,627.4056188838308,0.017005730659025792,0.017962086400703247,0.0005440132981361926,2.6578479915631097,3.5586627476107906,2.4460326086956523,7.191484853429507,0.23839049173159724,132.25962918061532,221.64587271831743,0.01687547075069044,0.01815173190636884,0.0005637271955413017,2.3677023942926727,2.8746464456690384,2.83453596287703,7.6382306831572135,0.25495598609631076,203.35596523653743,455.9956281788903,0.01659280830590023,0.017771382612174914,0.0005542857603657145,2.454938576336664,3.1194778711613425,2.879610678531702,8.25380242293577,0.2697741286534419,176.22239037821106,356.8893237782951,0.016811753230919293,0.018160254636160802,0.0005558186569128625
35,100,3,0.2,37,False,0.008,800,0.005,0.01,15000,0,250,0.05,30,2,0,0.05,30,59,800,2.184987374072042,2.7473831110789915,2.6318585298196955,7.596300231645491,0.22636794850592373,161.9104000983847,304.3830586204018,0.017386738056013182,0.018929536957506893,0.0005324228955449467,2.2323337483286894,2.8415173115070096,2.6056068162926023,7.50455425078195,0.24484290960000202,154.50238424839372,281.7545631158717,0.017775480418389687,0.0192544179896513,0.0005885897957265484,2.660791628940701,3.531171904960793,2.657519542155221,7.72516925843734,0.2529887936657709,127.15725815126261,208.57395826167442,0.017630679042501225,0.01902815635891228,0.0005828796104594942,2.555783099818484,3.215370272817193,2.5475823723229,7.236593542764569,0.23502836585202877,258.2011564804209,693.6518130126955,0.017050168837433672,0.01821690587458438,0.0005545184962502449,2.408366649784265,3.088606519898576,2.7243486073674754,7.7851183063260105,0.26406635971724185,254.76020598939405,675.2775264781876,0.016771674043217912,0.017574690967331823,0.0005558039320956175,2.2815461736310136,2.859189667511122,2.629065585331453,7.619256870659752,0.22896544472064478,166.6885362343799,322.2343417242714,0.017218959731543627,0.018808484883579224,0.0005338776748832948
36,100,3,0.2,38,False,0.008,800,0.005,0.01,15000,0,250,0.05,30,2,0,0.05,30,59,800,2.3173676227663287,2.9391941005325295,2.8866006787330316,8.306593326529985,0.2448882149298434,165.92660200288768,318.3507684423032,0.01742491433178795,0.019382101272713826,0.0005393520283062444,2.3867514600645188,2.9764929149633823,2.622584541062802,7.691644160398726,0.23430150865294788,299.58947044896917,983.9316177985679,0.01651016042780749,0.017690979407050365,0.0005071274755301333,2.499805511699307,3.2047362488525,2.7662856446502557,7.7916495042376175,0.23841562874125177,231.8991991733199,557.9343035321151,0.01688756756756757,0.01804571692919619,0.0005200850181384235,2.3561234135371416,3.0125076138542917,2.590239811133201,7.454783278107704,0.23033615225122198,215.6491314042019,507.73765746063646,0.016885607229446774,0.018678477606895085,0.0005435170317908129,2.496091772667382,3.2652802683129933,2.6121810584958216,7.3594970198407665,0.24074483633264637,293.01644076470114,901.9212262028799,0.01716736094094585,0.01827768259592867,0.0005607817934408935,2.3965929094693013,2.943309963349414,2.9867293413173654,8.407877912138504,0.2550434815771568,176.73689180176592,359.7000901246378,0.016870212765957446,0.018219178752699468,0.0005208779093567813
37,100,3,0.2,39,False,0.008,800,0.005,0.01,15000,0,250,0.05,30,2,0,0.05,30,59,800,2.4693899587132813,3.1226258128371738,2.837069160997732,7.85927209596644,0.2319632053597543,208.2495990198435,470.9555411952429,0.016777193691872222,0.01782802141697857,0.0004968578576959135,2.1421848518035906,2.6642770997910747,2.68399857448325,7.839709269104895,0.2368462789077544,277.79050551953213,813.7411911144541,0.016826902804132408,0.01780398394276039,0.0005066950982421971,2.3899452355984705,3.0413380508121923,2.750114484818318,7.87275316493868,0.2434320409961318,323.0167965615621,1168.360685958532,0.016946522887323946,0.01819790464609261,0.0005291250165628137,2.3868567283770794,3.022329381195209,2.7208899973746385,7.678888124992677,0.24386469194572,193.27171757104952,413.90384069764673,0.017208016586040084,0.019031255956962628,0.0005661462417583874,2.280368163789369,2.744420558131183,2.745825120040435,7.70145864409121,0.2399639675227397,311.24817650277356,1052.9954699868124,0.017170231729055258,0.018281273981253992,0.0005348550549433941,2.4545380491850497,3.290719689065719,2.6823592772758857,7.836292111392703,0.23376294164443287,204.29302532888278,460.37418253164907,0.016530212414930915,0.017607143790300064,0.000495585841298392
